AssayID,EC50 Rosiglitazone Maleate,EC50 Troglidazone ,Cmax Rosiglitazone Maleate,Cmax Troglidazone,Assay Component Name,Biological Process,Target Family,Target SubFamily,Target Full Name,Target Gene Name,Class,Target(Assay),Target
801,0.066522744,0.021030467,1.374712644,6.387315968,TOX21_PPARg_BLA_Agonist_ch2,regulation of transcription factor activity,background measurement/other,baseline control,NA,NA,Rosiglitazone (Maleate) & Troglitazone activated,TOX21_PPARg_BLA_Agonist_ch2 (801),TOX21_PPARg_BLA_Agonist_ch2
1109,30.97162047,5.190176443,1.374712644,6.387315968,TOX21_ARE_BLA_Agonist_ch2,regulation of transcription factor activity,background measurement/other,baseline control,NA,NA,Rosiglitazone (Maleate) & Troglitazone activated,TOX21_ARE_BLA_Agonist_ch2 (1109),TOX21_ARE_BLA_Agonist_ch2
1123,7.001297293,126.4911057,1.374712644,6.387315968,TOX21_PPARd_BLA_Agonist_ch2,regulation of transcription factor activity,background measurement/other,baseline control,NA,NA,Rosiglitazone (Maleate) & Troglitazone activated,TOX21_PPARd_BLA_Agonist_ch2 (1123),TOX21_PPARd_BLA_Agonist_ch2
1130,26.30802628,#N/A,1.374712644,6.387315968,TOX21_VDR_BLA_Agonist_ch2,regulation of transcription factor activity,background measurement/other,baseline control,NA,NA,Rosiglitazone (Maleate) activated only,TOX21_VDR_BLA_Agonist_ch2 (1130),TOX21_VDR_BLA_Agonist_ch2
1189,14.16845053,#N/A,1.374712644,6.387315968,TOX21_ERa_BLA_Antagonist_ch1,regulation of transcription factor activity,background measurement/other,baseline control,NA,NA,Rosiglitazone (Maleate) activated only,TOX21_ERa_BLA_Antagonist_ch1 (1189),TOX21_ERa_BLA_Antagonist_ch1
767,#N/A,25.83148699,1.374712644,6.387315968,TOX21_Aromatase_Inhibition,regulation of transcription factor activity,background measurement/other,steroidogenesis-related,"cytochrome P450, family 19, subfamily A, polypeptide 1","cytochrome P450, family 19, subfamily A, polypeptide 1",Troglitazone activated only,"cytochrome P450, family 19, subfamily A, polypeptide 1 (767)","cytochrome P450, family 19, subfamily A, polypeptide 1 "
68,#N/A,8.671723711,1.374712644,6.387315968,ATG_CMV_CIS,regulation of transcription factor activity,background measurement/other,internal marker,NA,NA,Troglitazone activated only,internal marker (68),internal marker 
1114,#N/A,42.51328087,1.374712644,6.387315968,TOX21_p53_BLA_p1_ch1,regulation of transcription factor activity,background measurement/other,baseline control,NA,NA,Troglitazone activated only,TOX21_p53_BLA_p1_ch1 (1114),TOX21_p53_BLA_p1_ch1 
1118,#N/A,30.65109385,1.374712644,6.387315968,TOX21_FXR_BLA_Agonist_ch2,regulation of transcription factor activity,background measurement/other,baseline control,NA,NA,Troglitazone activated only,TOX21_FXR_BLA_Agonist_ch2 (1118),TOX21_FXR_BLA_Agonist_ch2 
1191,#N/A,252.9822033,1.374712644,6.387315968,TOX21_FXR_BLA_Antagonist_ch1,regulation of transcription factor activity,background measurement/other,baseline control,NA,NA,Troglitazone activated only,TOX21_FXR_BLA_Antagonist_ch1 (1191),TOX21_FXR_BLA_Antagonist_ch1 
1194,#N/A,42.06895939,1.374712644,6.387315968,TOX21_GR_BLA_Antagonist_ch2,regulation of transcription factor activity,background measurement/other,baseline control,NA,NA,Troglitazone activated only,TOX21_GR_BLA_Antagonist_ch2 (1194),TOX21_GR_BLA_Antagonist_ch2 
1315,#N/A,21.15964552,1.374712644,6.387315968,TOX21_p53_BLA_p2_ch1,regulation of transcription factor activity,background measurement/other,baseline control,NA,NA,Troglitazone activated only,TOX21_p53_BLA_p2_ch1 (1315),TOX21_p53_BLA_p2_ch1 
1316,#N/A,15.0270593,1.374712644,6.387315968,TOX21_p53_BLA_p2_ch2,regulation of transcription factor activity,background measurement/other,baseline control,NA,NA,Troglitazone activated only,TOX21_p53_BLA_p2_ch2 (1316),TOX21_p53_BLA_p2_ch2 
1319,#N/A,26.02151125,1.374712644,6.387315968,TOX21_p53_BLA_p3_ch1,regulation of transcription factor activity,background measurement/other,baseline control,NA,NA,Troglitazone activated only,TOX21_p53_BLA_p3_ch1 (1319),TOX21_p53_BLA_p3_ch1 
1320,#N/A,19.49879019,1.374712644,6.387315968,TOX21_p53_BLA_p3_ch2,regulation of transcription factor activity,background measurement/other,baseline control,NA,NA,Troglitazone activated only,TOX21_p53_BLA_p3_ch2 (1320),TOX21_p53_BLA_p3_ch2 
1323,#N/A,24.61982001,1.374712644,6.387315968,TOX21_p53_BLA_p4_ch1,regulation of transcription factor activity,background measurement/other,baseline control,NA,NA,Troglitazone activated only,TOX21_p53_BLA_p4_ch1 (1323),TOX21_p53_BLA_p4_ch1 
1324,#N/A,40.91353543,1.374712644,6.387315968,TOX21_p53_BLA_p4_ch2,regulation of transcription factor activity,background measurement/other,baseline control,NA,NA,Troglitazone activated only,TOX21_p53_BLA_p4_ch2 (1324),TOX21_p53_BLA_p4_ch2 
1327,#N/A,53.35475077,1.374712644,6.387315968,TOX21_p53_BLA_p5_ch1,regulation of transcription factor activity,background measurement/other,baseline control,NA,NA,Troglitazone activated only,TOX21_p53_BLA_p5_ch1 (1327),TOX21_p53_BLA_p5_ch1 
1328,#N/A,35.35125842,1.374712644,6.387315968,TOX21_p53_BLA_p5_ch2,regulation of transcription factor activity,background measurement/other,baseline control,NA,NA,Troglitazone activated only,TOX21_p53_BLA_p5_ch2 (1328),TOX21_p53_BLA_p5_ch2 
1425,57.19845455,#N/A,1.374712644,6.387315968,ATG_FoxA2_CIS,regulation of transcription factor activity,dna binding,forkhead box protein,NA,NA,Rosiglitazone (Maleate) activated only,forkhead box protein (1425),forkhead box protein 
97,17.82102399,9.668011105,1.374712644,6.387315968,ATG_NRF2_ARE_CIS,regulation of transcription factor activity,dna binding,basic leucine zipper,"nuclear factor, erythroid 2-like 2","nuclear factor, erythroid 2-like 2",Rosiglitazone (Maleate) & Troglitazone activated,"nuclear factor, erythroid 2-like 2 (97)","nuclear factor, erythroid 2-like 2 "
1110,47.81288947,7.965018813,1.374712644,6.387315968,TOX21_ARE_BLA_Agonist_ratio,regulation of transcription factor activity,dna binding,basic leucine zipper,"nuclear factor, erythroid 2-like 2","nuclear factor, erythroid 2-like 2",Rosiglitazone (Maleate) & Troglitazone activated,"nuclear factor, erythroid 2-like 2 (1110)","nuclear factor, erythroid 2-like 2 "
107,5.550492959,2.051166744,1.374712644,6.387315968,ATG_SREBP_CIS,regulation of transcription factor activity,dna binding,basic helix-loop-helix leucine zipper,sterol regulatory element binding transcription factor 1,sterol regulatory element binding transcription factor 1,Rosiglitazone (Maleate) & Troglitazone activated,sterol regulatory element binding transcription factor 1 (107),sterol regulatory element binding transcription factor 1 
1116,#N/A,39.72040848,1.374712644,6.387315968,TOX21_p53_BLA_p1_ratio,regulation of transcription factor activity,dna binding,tumor suppressor,tumor protein p53,tumor protein p53,Troglitazone activated only,tumor protein p53 (1116),tumor protein p53 
1317,#N/A,15.39060796,1.374712644,6.387315968,TOX21_p53_BLA_p2_ratio,regulation of transcription factor activity,dna binding,tumor suppressor,tumor protein p53,tumor protein p53,Troglitazone activated only,tumor protein p53 (1317),tumor protein p53 
1321,#N/A,25.56678378,1.374712644,6.387315968,TOX21_p53_BLA_p3_ratio,regulation of transcription factor activity,dna binding,tumor suppressor,tumor protein p53,tumor protein p53,Troglitazone activated only,tumor protein p53 (1321),tumor protein p53 
1325,#N/A,28.02818034,1.374712644,6.387315968,TOX21_p53_BLA_p4_ratio,regulation of transcription factor activity,dna binding,tumor suppressor,tumor protein p53,tumor protein p53,Troglitazone activated only,tumor protein p53 (1325),tumor protein p53 
1329,#N/A,25.41618954,1.374712644,6.387315968,TOX21_p53_BLA_p5_ratio,regulation of transcription factor activity,dna binding,tumor suppressor,tumor protein p53,tumor protein p53,Troglitazone activated only,tumor protein p53 (1329),tumor protein p53 
64,#N/A,8.054327828,1.374712644,6.387315968,ATG_AP_1_CIS,regulation of transcription factor activity,dna binding,basic leucine zipper,jun proto-oncogene|FBJ murine osteosarcoma viral oncogene homolog,jun proto-oncogene|FBJ murine osteosarcoma viral oncogene homolog,Troglitazone activated only,jun proto-oncogene (64),jun proto-oncogene 
72,#N/A,6.553689197,1.374712644,6.387315968,ATG_E_Box_CIS,regulation of transcription factor activity,dna binding,basic helix-loop-helix protein,upstream transcription factor 1,upstream transcription factor 1,Troglitazone activated only,upstream transcription factor 1 (72),upstream transcription factor 1 
91,#N/A,16.34800695,1.374712644,6.387315968,ATG_MRE_CIS,regulation of transcription factor activity,dna binding,zinc finger,metal-regulatory transcription factor 1,metal-regulatory transcription factor 1,Troglitazone activated only,metal-regulatory transcription factor 1 (91),metal-regulatory transcription factor 1 
1113,#N/A,56.53780906,1.374712644,6.387315968,TOX21_HSE_BLA_Agonist_ratio,regulation of transcription factor activity,dna binding,heat shock protein,heat shock transcription factor 1,heat shock transcription factor 1,Troglitazone activated only,heat shock transcription factor 1 (1113),heat shock transcription factor 1 
1414,#N/A,6.565116963,1.374712644,6.387315968,ATG_E2F_CIS,regulation of transcription factor activity,dna binding,E2F transcription factor,NA,NA,Troglitazone activated only,E2F transcription factor (1414),E2F transcription factor 
1496,#N/A,16.36331592,1.374712644,6.387315968,ATG_TCF_b_cat_CIS,regulation of transcription factor activity,dna binding,HMG box protein,NA,NA,Troglitazone activated only,HMG box protein (1496),HMG box protein 
75,0.008004455,0.226236146,1.374712644,6.387315968,ATG_ERE_CIS,regulation of transcription factor activity,nuclear receptor,steroidal,estrogen receptor 1,estrogen receptor 1,Rosiglitazone (Maleate) & Troglitazone activated,estrogen receptor 1 (75),estrogen receptor 1 
786,58.52321528,35.74247316,1.374712644,6.387315968,TOX21_ERa_BLA_Antagonist_ratio,regulation of transcription factor activity,nuclear receptor,steroidal,estrogen receptor 1,estrogen receptor 1,Rosiglitazone (Maleate) & Troglitazone activated,estrogen receptor 1 (786),estrogen receptor 1 
102,0.008,0.083522066,1.374712644,6.387315968,ATG_PPRE_CIS,regulation of transcription factor activity,nuclear receptor,non-steroidal,peroxisome proliferator-activated receptor alpha|peroxisome proliferator-activated receptor delta|peroxisome proliferator-activated receptor gamma,peroxisome proliferator-activated receptor alpha|peroxisome proliferator-activated receptor delta|peroxisome proliferator-activated receptor gamma,Rosiglitazone (Maleate) & Troglitazone activated,peroxisome proliferator-activated receptors (102),peroxisome proliferator-activated receptors 
132,4.697654669,#N/A,1.374712644,6.387315968,ATG_PPARa_TRANS,regulation of transcription factor activity,nuclear receptor,non-steroidal,peroxisome proliferator-activated receptor alpha,peroxisome proliferator-activated receptor alpha,Rosiglitazone (Maleate) activated only,peroxisome proliferator-activated receptor alpha (132),peroxisome proliferator-activated receptor alpha 
1124,25.88400635,#N/A,1.374712644,6.387315968,TOX21_PPARd_BLA_Agonist_ratio,regulation of transcription factor activity,nuclear receptor,non-steroidal,peroxisome proliferator-activated receptor delta,peroxisome proliferator-activated receptor delta,Rosiglitazone (Maleate) activated only,peroxisome proliferator-activated receptor delta (1124),peroxisome proliferator-activated receptor delta 
134,0.013971205,0.154710939,1.374712644,6.387315968,ATG_PPARg_TRANS,regulation of transcription factor activity,nuclear receptor,non-steroidal,peroxisome proliferator-activated receptor gamma,peroxisome proliferator-activated receptor gamma,Rosiglitazone (Maleate) & Troglitazone activated,peroxisome proliferator-activated receptor gamma (134),peroxisome proliferator-activated receptor gamma 
802,0.00771152,0.02500639,1.374712644,6.387315968,TOX21_PPARg_BLA_Agonist_ratio,regulation of transcription factor activity,nuclear receptor,non-steroidal,peroxisome proliferator-activated receptor gamma,peroxisome proliferator-activated receptor gamma,Rosiglitazone (Maleate) & Troglitazone activated,peroxisome proliferator-activated receptor gamma (802),peroxisome proliferator-activated receptor gamma 
113,16.84774325,8.285799358,1.374712644,6.387315968,ATG_VDRE_CIS,regulation of transcription factor activity,nuclear receptor,non-steroidal,"vitamin D (1,25- dihydroxyvitamin D3) receptor","vitamin D (1,25- dihydroxyvitamin D3) receptor",Rosiglitazone (Maleate) & Troglitazone activated,"vitamin D (1,25- dihydroxyvitamin D3) receptor (113)","vitamin D (1,25- dihydroxyvitamin D3) receptor "
120,31.51336902,16.22386989,1.374712644,6.387315968,ATG_FXR_TRANS,regulation of transcription factor activity,nuclear receptor,non-steroidal,"nuclear receptor subfamily 1, group H, member 4","nuclear receptor subfamily 1, group H, member 4",Rosiglitazone (Maleate) & Troglitazone activated,"nuclear receptor subfamily 1, group H, member 4 (120)","nuclear receptor subfamily 1, group H, member 4 "
103,5.428708668,1.785344354,1.374712644,6.387315968,ATG_PXRE_CIS,regulation of transcription factor activity,nuclear receptor,non-steroidal,"nuclear receptor subfamily 1, group I, member 2","nuclear receptor subfamily 1, group I, member 2",Rosiglitazone (Maleate) & Troglitazone activated,"nuclear receptor subfamily 1, group I, member 2 (103)","nuclear receptor subfamily 1, group I, member 2 "
135,5.683455606,2.800152574,1.374712644,6.387315968,ATG_PXR_TRANS,regulation of transcription factor activity,nuclear receptor,non-steroidal,"nuclear receptor subfamily 1, group I, member 2","nuclear receptor subfamily 1, group I, member 2",Rosiglitazone (Maleate) & Troglitazone activated,"nuclear receptor subfamily 1, group I, member 2 (135)","nuclear receptor subfamily 1, group I, member 2 "
101,49.76330104,#N/A,1.374712644,6.387315968,ATG_PBREM_CIS,regulation of transcription factor activity,nuclear receptor,non-steroidal,"nuclear receptor subfamily 1, group I, member 3","nuclear receptor subfamily 1, group I, member 3",Rosiglitazone (Maleate) activated only,"nuclear receptor subfamily 1, group I, member 3 (101)","nuclear receptor subfamily 1, group I, member 3 "
804,77.51376168,20.95838092,1.374712644,6.387315968,TOX21_TR_LUC_GH3_Antagonist,regulation of transcription factor activity,nuclear receptor,non-steroidal,"thyroid hormone receptor, beta|thyroid hormone receptor, alpha","thyroid hormone receptor, beta|thyroid hormone receptor, alpha",Rosiglitazone (Maleate) & Troglitazone activated,thyroid hormone receptor (804),thyroid hormone receptor 
104,7.419017584,9.032370379,1.374712644,6.387315968,ATG_RORE_CIS,regulation of transcription factor activity,nuclear receptor,orphan,RAR-related orphan receptor A|RAR-related orphan receptor B|RAR-related orphan receptor C,RAR-related orphan receptor A|RAR-related orphan receptor B|RAR-related orphan receptor C,Rosiglitazone (Maleate) & Troglitazone activated,RAR-related orphan receptor (104),RAR-related orphan receptor 
117,#N/A,5.416253616,1.374712644,6.387315968,ATG_ERa_TRANS,regulation of transcription factor activity,nuclear receptor,steroidal,estrogen receptor 1,estrogen receptor 1,Troglitazone activated only,estrogen receptor 1 (117),estrogen receptor 1 
789,#N/A,62.40219086,1.374712644,6.387315968,TOX21_ERa_LUC_BG1_Antagonist,regulation of transcription factor activity,nuclear receptor,steroidal,estrogen receptor 1,estrogen receptor 1,Troglitazone activated only,estrogen receptor 1 (789),estrogen receptor 1 
762,#N/A,33.43771355,1.374712644,6.387315968,TOX21_AR_BLA_Antagonist_ratio,regulation of transcription factor activity,nuclear receptor,steroidal,androgen receptor,androgen receptor,Troglitazone activated only,androgen receptor (762),androgen receptor 
765,#N/A,60.71819509,1.374712644,6.387315968,TOX21_AR_LUC_MDAKB2_Antagonist,regulation of transcription factor activity,nuclear receptor,steroidal,androgen receptor,androgen receptor,Troglitazone activated only,androgen receptor (765),androgen receptor 
794,#N/A,35.64557921,1.374712644,6.387315968,TOX21_GR_BLA_Antagonist_ratio,regulation of transcription factor activity,nuclear receptor,steroidal,"nuclear receptor subfamily 3, group C, member 1 (glucocorticoid receptor)",glucocorticoid receptor,Troglitazone activated only,glucocorticoid receptor (794),glucocorticoid receptor 
1120,#N/A,71.09270995,1.374712644,6.387315968,TOX21_FXR_BLA_Antagonist_ratio,regulation of transcription factor activity,nuclear receptor,non-steroidal,"nuclear receptor subfamily 1, group H, member 4","nuclear receptor subfamily 1, group H, member 4",Troglitazone activated only,"nuclear receptor subfamily 1, group H, member 4 (1120)","nuclear receptor subfamily 1, group H, member 4 "
1412,#N/A,5.911178742,1.374712644,6.387315968,ATG_DR4_LXR_CIS,regulation of transcription factor activity,nuclear receptor,non-steroidal,NA,NA,Troglitazone activated only,ATG_DR4_LXR_CIS (1412),ATG_DR4_LXR_CIS 
