AssayID,EC50 Rosiglitazone Maleate,EC50 Troglidazone ,Cmax Rosiglitazone Maleate,Cmax Troglidazone,Assay Component Name,Biological Process,Target Family,Target SubFamily,Target Full Name,Target Gene Name,Class,Target(Assay),Target
177,10.58731536,29.73040008,1.374712644,6.387315968,BSK_4H_SRB,cell cycle/cell morphology,cell cycle,cytotoxicity,NA,NA,Rosiglitazone (Maleate) & Troglitazone activated,BSK_4H_SRB (177),BSK_4H_SRB 
157,8.656782655,21.37403997,1.374712644,6.387315968,BSK_3C_Proliferation,cell cycle/cell morphology,cell cycle,cytotoxicity,NA,NA,Rosiglitazone (Maleate) & Troglitazone activated,BSK_3C_Proliferation (157),BSK_3C_Proliferation 
251,10.07290574,5.282055383,1.374712644,6.387315968,BSK_hDFCGF_Proliferation,cell cycle/cell morphology,cell cycle,cytotoxicity,NA,NA,Rosiglitazone (Maleate) & Troglitazone activated,BSK_hDFCGF_Proliferation (251),BSK_hDFCGF_Proliferation 
315,21.49979256,10.86316172,1.374712644,6.387315968,BSK_SAg_Proliferation,cell cycle/cell morphology,cell cycle,cytotoxicity,NA,NA,Rosiglitazone (Maleate) & Troglitazone activated,BSK_SAg_Proliferation (315),BSK_SAg_Proliferation 
797,55.03672746,13.38560975,1.374712644,6.387315968,TOX21_MMP_ratio,cell cycle/cell morphology,cell morphology,organelle conformation,NA,NA,Rosiglitazone (Maleate) & Troglitazone activated,TOX21_MMP_ratio (797),TOX21_MMP_ratio 
159,#N/A,16.04839216,1.374712644,6.387315968,BSK_3C_SRB,cell cycle/cell morphology,cell cycle,cytotoxicity,NA,NA,Troglitazone activated only,BSK_3C_SRB (159),BSK_3C_SRB 
197,#N/A,22.23188567,1.374712644,6.387315968,BSK_BE3C_SRB,cell cycle/cell morphology,cell cycle,cytotoxicity,NA,NA,Troglitazone activated only,BSK_BE3C_SRB (197),BSK_BE3C_SRB 
253,#N/A,14.46441164,1.374712644,6.387315968,BSK_hDFCGF_SRB,cell cycle/cell morphology,cell cycle,cytotoxicity,NA,NA,Troglitazone activated only,BSK_hDFCGF_SRB (253),BSK_hDFCGF_SRB 
269,#N/A,10.6873792,1.374712644,6.387315968,BSK_KF3CT_SRB,cell cycle/cell morphology,cell cycle,cytotoxicity,NA,NA,Troglitazone activated only,BSK_KF3CT_SRB (269),BSK_KF3CT_SRB 
291,#N/A,26.63126812,1.374712644,6.387315968,BSK_LPS_SRB,cell cycle/cell morphology,cell cycle,cytotoxicity,NA,NA,Troglitazone activated only,BSK_LPS_SRB (291),BSK_LPS_SRB 
317,#N/A,25.12218802,1.374712644,6.387315968,BSK_SAg_SRB,cell cycle/cell morphology,cell cycle,cytotoxicity,NA,NA,Troglitazone activated only,BSK_SAg_SRB (317),BSK_SAg_SRB 
1187,#N/A,54.80621258,1.374712644,6.387315968,TOX21_p53_BLA_p1_viability,cell cycle/cell morphology,cell cycle,cytotoxicity,NA,NA,Troglitazone activated only,TOX21_p53_BLA_p1_viability (1187),TOX21_p53_BLA_p1_viability 
1318,#N/A,65.64822068,1.374712644,6.387315968,TOX21_p53_BLA_p2_viability,cell cycle/cell morphology,cell cycle,cytotoxicity,NA,NA,Troglitazone activated only,TOX21_p53_BLA_p2_viability (1318),TOX21_p53_BLA_p2_viability 
1322,#N/A,73.66616016,1.374712644,6.387315968,TOX21_p53_BLA_p3_viability,cell cycle/cell morphology,cell cycle,cytotoxicity,NA,NA,Troglitazone activated only,TOX21_p53_BLA_p3_viability (1322),TOX21_p53_BLA_p3_viability 
1326,#N/A,60.36968923,1.374712644,6.387315968,TOX21_p53_BLA_p4_viability,cell cycle/cell morphology,cell cycle,cytotoxicity,NA,NA,Troglitazone activated only,TOX21_p53_BLA_p4_viability (1326),TOX21_p53_BLA_p4_viability 
1330,#N/A,73.76128505,1.374712644,6.387315968,TOX21_p53_BLA_p5_viability,cell cycle/cell morphology,cell cycle,cytotoxicity,NA,NA,Troglitazone activated only,TOX21_p53_BLA_p5_viability (1330),TOX21_p53_BLA_p5_viability 
221,#N/A,5.408075063,1.374712644,6.387315968,BSK_CASM3C_Proliferation,cell cycle/cell morphology,cell cycle,cytotoxicity,NA,NA,Troglitazone activated only,BSK_CASM3C_Proliferation (221),BSK_CASM3C_Proliferation 
763,#N/A,35.74939862,1.374712644,6.387315968,TOX21_AR_BLA_Antagonist_viability,cell cycle/cell morphology,cell cycle,cytotoxicity,NA,NA,Troglitazone activated only,TOX21_AR_BLA_Antagonist_viability (763),TOX21_AR_BLA_Antagonist_viability 
313,#N/A,25.39044518,1.374712644,6.387315968,BSK_SAg_PBMCCytotoxicity,cell cycle/cell morphology,cell cycle,proliferation,NA,NA,Troglitazone activated only,BSK_SAg_PBMCCytotoxicity (313),BSK_SAg_PBMCCytotoxicity 
169,#N/A,11.90493488,1.374712644,6.387315968,BSK_3C_Vis,cell cycle/cell morphology,cell morphology,cell conformation,NA,NA,Troglitazone activated only,BSK_3C_Vis (169),BSK_3C_Vis 
