AssayID,EC50 Rosiglitazone Maleate,EC50 Troglidazone ,Assay Component Name,Biological Process,Target Family,Target SubFamily,Target Full Name,Target Gene Name,Class,TargetAssay,Target
153,0.761426663,23.65642964,BSK_3C_MCP1,regulation of gene expression,cytokine,chemotactic factor,chemokine (C-C motif) ligand 2,chemokine (C-C motif) ligand 2,Rosiglitazone (Maleate) & Troglitazone activated,chemokine (C-C motif) ligand 2 (assay 153),chemokine (C-C motif) ligand 2 
171,6.060848844,14.98061679,BSK_4H_Eotaxin3,regulation of gene expression,cytokine,chemotactic factor,chemokine (C-C motif) ligand 26,chemokine (C-C motif) ligand 26,Rosiglitazone (Maleate) & Troglitazone activated,chemokine (C-C motif) ligand 26 (assay 171),chemokine (C-C motif) ligand 26 
173,5.30162949,8.219365602,BSK_4H_MCP1,regulation of gene expression,cytokine,chemotactic factor,chemokine (C-C motif) ligand 2,chemokine (C-C motif) ligand 2,Rosiglitazone (Maleate) & Troglitazone activated,chemokine (C-C motif) ligand 2 (assay 173),chemokine (C-C motif) ligand 2 
189,16.59033338,10.92116893,BSK_BE3C_IP10,regulation of gene expression,cytokine,chemotactic factor,chemokine (C-X-C motif) ligand 10,chemokine (C-X-C motif) ligand 10,Rosiglitazone (Maleate) & Troglitazone activated,chemokine (C-X-C motif) ligand 10 (assay 189),chemokine (C-X-C motif) ligand 10 
241,0.012261274,7.470179043,BSK_hDFCGF_IP10,regulation of gene expression,cytokine,chemotactic factor,chemokine (C-X-C motif) ligand 10,chemokine (C-X-C motif) ligand 10,Rosiglitazone (Maleate) & Troglitazone activated,chemokine (C-X-C motif) ligand 10 (assay 241),chemokine (C-X-C motif) ligand 10 
309,16.43789727,25.10200337,BSK_SAg_MCP1,regulation of gene expression,cytokine,chemotactic factor,chemokine (C-C motif) ligand 2,chemokine (C-C motif) ligand 2,Rosiglitazone (Maleate) & Troglitazone activated,chemokine (C-C motif) ligand 2 (assay 309),chemokine (C-C motif) ligand 2 
264,2.103648486,#N/A,BSK_KF3CT_IP10,regulation of gene expression,cytokine,chemotactic factor,chemokine (C-X-C motif) ligand 10,chemokine (C-X-C motif) ligand 10,Rosiglitazone (Maleate) activated only,chemokine (C-X-C motif) ligand 10 (assay 264),chemokine (C-X-C motif) ligand 10 
165,9.032729577,19.18328576,BSK_3C_uPAR,regulation of gene expression,growth factor/receptors,plasmogen activator,"plasminogen activator, urokinase receptor","plasminogen activator, urokinase receptor",Rosiglitazone (Maleate) & Troglitazone activated,"plasminogen activator, urokinase receptor (assay 165)","plasminogen activator, urokinase receptor "
179,10.33790449,21.69623561,BSK_4H_uPAR,regulation of gene expression,growth factor/receptors,plasmogen activator,"plasminogen activator, urokinase receptor","plasminogen activator, urokinase receptor",Rosiglitazone (Maleate) & Troglitazone activated,"plasminogen activator, urokinase receptor (assay 179)","plasminogen activator, urokinase receptor "
205,5.054276473,13.95031739,BSK_BE3C_uPAR,regulation of gene expression,growth factor/receptors,plasmogen activator,"plasminogen activator, urokinase receptor","plasminogen activator, urokinase receptor",Rosiglitazone (Maleate) & Troglitazone activated,"plasminogen activator, urokinase receptor (assay 205)","plasminogen activator, urokinase receptor "
195,0.236096703,11.31272788,BSK_BE3C_PAI1,regulation of gene expression,growth factor/receptors,plasmogen activator inhibitor,"serpin peptidase inhibitor, clade E (nexin, plasminogen activator inhibitor type 1), member 1","serpin peptidase inhibitor, clade E (nexin, plasminogen activator inhibitor type 1), member 1",Rosiglitazone (Maleate) & Troglitazone activated,plasminogen activator inhibitor type 1 (assay 195),plasminogen activator inhibitor type 1 
187,3.563063414,13.4295333,BSK_BE3C_IL1a,regulation of gene expression,cytokine,interleukins,"interleukin 1, alpha","interleukin 1, alpha",Rosiglitazone (Maleate) & Troglitazone activated,"interleukin 1, alpha (assay 187)","interleukin 1, alpha "
261,0.743046909,13.40870282,BSK_KF3CT_IL1a,regulation of gene expression,cytokine,interleukins,"interleukin 1, alpha","interleukin 1, alpha",Rosiglitazone (Maleate) & Troglitazone activated,"interleukin 1, alpha (assay 261)","interleukin 1, alpha "
307,23.34595098,35.50823924,BSK_SAg_IL8,regulation of gene expression,cytokine,interleukins,chemokine (C-X-C motif) ligand 8,chemokine (C-X-C motif) ligand 8,Rosiglitazone (Maleate) & Troglitazone activated,chemokine (C-X-C motif) ligand 8 (assay 307),chemokine (C-X-C motif) ligand 8 
301,16.26363391,11.37923021,BSK_SAg_CD40,regulation of gene expression,cytokine,inflammatory factor,"CD40 molecule, TNF receptor superfamily member 5","CD40 molecule, TNF receptor superfamily member 5",Rosiglitazone (Maleate) & Troglitazone activated,CD40 molecule (assay 301),CD40 molecule 
277,9.611886761,12.37884587,BSK_LPS_CD40,regulation of gene expression,cytokine,inflammatory factor,"CD40 molecule, TNF receptor superfamily member 5","CD40 molecule, TNF receptor superfamily member 5",Rosiglitazone (Maleate) & Troglitazone activated,CD40 molecule (assay 277),CD40 molecule 
303,17.87479548,25.8684941,BSK_SAg_CD69,regulation of gene expression,cytokine,inflammatory factor,CD69 molecule,CD69 molecule,Rosiglitazone (Maleate) & Troglitazone activated,CD69 molecule (assay 303),CD69 molecule 
299,22.57361637,16.43279363,BSK_SAg_CD38,regulation of gene expression,cytokine,other cytokine,CD38 molecule,CD38 molecule,Rosiglitazone (Maleate) & Troglitazone activated,CD38 molecule (assay 299),CD38 molecule 
229,8.64038911,#N/A,BSK_CASM3C_TissueFactor,regulation of gene expression,cytokine,coagulation factor,"coagulation factor III (thromboplastin, tissue factor)","coagulation factor III (thromboplastin, tissue factor)",Rosiglitazone (Maleate) activated only,"coagulation factor III (thromboplastin, tissue factor) (assay 229)",coagulation factor III 
293,11.66547787,34.44372139,BSK_LPS_TissueFactor,regulation of gene expression,cytokine,coagulation factor,"coagulation factor III (thromboplastin, tissue factor)","coagulation factor III (thromboplastin, tissue factor)",Rosiglitazone (Maleate) & Troglitazone activated,"coagulation factor III (thromboplastin, tissue factor) (assay 293)",coagulation factor III 
243,0.152464778,8.810476957,BSK_hDFCGF_MCSF,regulation of gene expression,cytokine,colony stimulating factor,colony stimulating factor 1 (macrophage),colony stimulating factor 1 (macrophage),Rosiglitazone (Maleate) & Troglitazone activated,colony stimulating factor 1 (assay 243),colony stimulating factor 1 
145,17.53876419,36.14978318,BSK_3C_Eselectin,regulation of gene expression,cell adhesion molecules,selectins,selectin E,selectin E,Rosiglitazone (Maleate) & Troglitazone activated,selectin E (assay 145),selectin E 
175,2.466795936,10.67756276,BSK_4H_Pselectin,regulation of gene expression,cell adhesion molecules,selectins,"selectin P (granule membrane protein 140kDa, antigen CD62)","selectin P (granule membrane protein 140kDa, antigen CD62)",Rosiglitazone (Maleate) & Troglitazone activated,selectin P (assay 175),selectin P 
305,18.36516388,33.76802246,BSK_SAg_Eselectin,regulation of gene expression,cell adhesion molecules,selectins,selectin E,selectin E,Rosiglitazone (Maleate) & Troglitazone activated,selectin E (assay 305),selectin E 
147,19.7887905,22.53607256,BSK_3C_HLADR,regulation of gene expression,cell adhesion molecules,MHC Class II,"major histocompatibility complex, class II, DR alpha","major histocompatibility complex, class II, DR alpha",Rosiglitazone (Maleate) & Troglitazone activated,MHC Class II (assay 147),"major histocompatibility complex, class II"
185,17.92451558,11.76965049,BSK_BE3C_HLADR,regulation of gene expression,cell adhesion molecules,MHC Class II,"major histocompatibility complex, class II, DR alpha","major histocompatibility complex, class II, DR alpha",Rosiglitazone (Maleate) & Troglitazone activated,MHC Class II (assay 185),"major histocompatibility complex, class II"
181,8.441207306,27.65124461,BSK_4H_VCAM1,regulation of gene expression,cell adhesion molecules,Immunoglobulin CAM,vascular cell adhesion molecule 1,vascular cell adhesion molecule 1,Rosiglitazone (Maleate) & Troglitazone activated,vascular cell adhesion molecule 1 (assay 181),vascular cell adhesion molecule 1 
257,0.175618669,8.783011756,BSK_hDFCGF_VCAM1,regulation of gene expression,cell adhesion molecules,Immunoglobulin CAM,vascular cell adhesion molecule 1,vascular cell adhesion molecule 1,Rosiglitazone (Maleate) & Troglitazone activated,vascular cell adhesion molecule 1 (assay 257),vascular cell adhesion molecule 1 
271,0.004514242,17.42657597,BSK_KF3CT_TGFb1,regulation of gene expression,growth factor/receptors,transforming growth factor beta,"transforming growth factor, beta 1","transforming growth factor, beta 1",Rosiglitazone (Maleate) & Troglitazone activated,"transforming growth factor, beta 1  (assay 271)","transforming growth factor, beta 1"
290,0.298981776,#N/A,BSK_LPS_PGE2,regulation of gene expression,growth factor/receptors,rhodopsin-like receptor,"prostaglandin E receptor 2 (subtype EP2), 53kDa","prostaglandin E receptor 2 (subtype EP2), 53kDa",Rosiglitazone (Maleate) activated only,prostaglandin E receptor 2 (assay 290),prostaglandin E receptor 2
214,8.875011841,#N/A,BSK_CASM3C_LDLR,regulation of gene expression,growth factor/receptors,LDL receptor,low density lipoprotein receptor,low density lipoprotein receptor,Rosiglitazone (Maleate) activated only,low density lipoprotein receptor (assay 214),low density lipoprotein receptor 
275,0.03792525,9.199613482,BSK_KF3CT_uPA,regulation of gene expression,protease/related,serine protease,"plasminogen activator, urokinase","plasminogen activator, urokinase",Rosiglitazone (Maleate) & Troglitazone activated,"plasminogen activator, urokinase (assay 275)","plasminogen activator, urokinase "
267,4.532905032,9.242021041,BSK_KF3CT_MMP9,regulation of gene expression,protease/related,matrix metalloproteinase,"matrix metallopeptidase 9 (gelatinase B, 92kDa gelatinase, 92kDa type IV collagenase)","matrix metallopeptidase 9 (gelatinase B, 92kDa gelatinase, 92kDa type IV collagenase)",Rosiglitazone (Maleate) & Troglitazone activated,"matrix metallopeptidase 9 (gelatinase B, 92kDa gelatinase, 92kDa type IV collagenase) (assay 267)",matrix metallopeptidase 9 
263,#N/A,8.375512935,BSK_KF3CT_IP10,regulation of gene expression,cytokine,chemotactic factor,chemokine (C-X-C motif) ligand 10,chemokine (C-X-C motif) ligand 10,Troglitazone activated only,chemokine (C-X-C motif) ligand 10 (assay 263),chemokine (C-X-C motif) ligand 10 
155,#N/A,18.44152484,BSK_3C_MIG,regulation of gene expression,cytokine,chemotactic factor,chemokine (C-X-C motif) ligand 9,chemokine (C-X-C motif) ligand 9,Troglitazone activated only,chemokine (C-X-C motif) ligand 9 (assay 155),chemokine (C-X-C motif) ligand 9 
191,#N/A,15.11566654,BSK_BE3C_MIG,regulation of gene expression,cytokine,chemotactic factor,chemokine (C-X-C motif) ligand 9,chemokine (C-X-C motif) ligand 9,Troglitazone activated only,chemokine (C-X-C motif) ligand 9 (assay 191),chemokine (C-X-C motif) ligand 9 
245,#N/A,11.87707858,BSK_hDFCGF_MIG,regulation of gene expression,cytokine,chemotactic factor,chemokine (C-X-C motif) ligand 9,chemokine (C-X-C motif) ligand 9,Troglitazone activated only,chemokine (C-X-C motif) ligand 9 (assay 245),chemokine (C-X-C motif) ligand 9 
311,#N/A,14.91375535,BSK_SAg_MIG,regulation of gene expression,cytokine,chemotactic factor,chemokine (C-X-C motif) ligand 9,chemokine (C-X-C motif) ligand 9,Troglitazone activated only,chemokine (C-X-C motif) ligand 9 (assay 311),chemokine (C-X-C motif) ligand 9 
265,#N/A,10.76066345,BSK_KF3CT_MCP1,regulation of gene expression,cytokine,chemotactic factor,chemokine (C-C motif) ligand 2,chemokine (C-C motif) ligand 2,Troglitazone activated only,chemokine (C-C motif) ligand 2 (assay 265),chemokine (C-C motif) ligand 2 
285,#N/A,23.23941191,BSK_LPS_MCP1,regulation of gene expression,cytokine,chemotactic factor,chemokine (C-C motif) ligand 2,chemokine (C-C motif) ligand 2,Troglitazone activated only,chemokine (C-C motif) ligand 2 (assay 285),chemokine (C-C motif) ligand 2 
151,#N/A,13.22527192,BSK_3C_IL8,regulation of gene expression,cytokine,interleukins,chemokine (C-X-C motif) ligand 8,chemokine (C-X-C motif) ligand 8,Troglitazone activated only,chemokine (C-X-C motif) ligand 8 (assay 151),chemokine (C-X-C motif) ligand 8 
239,#N/A,22.27702511,BSK_hDFCGF_IL8,regulation of gene expression,cytokine,interleukins,chemokine (C-X-C motif) ligand 8,chemokine (C-X-C motif) ligand 8,Troglitazone activated only,chemokine (C-X-C motif) ligand 8 (assay 239),chemokine (C-X-C motif) ligand 8 
283,#N/A,36.47174857,BSK_LPS_IL8,regulation of gene expression,cytokine,interleukins,chemokine (C-X-C motif) ligand 8,chemokine (C-X-C motif) ligand 8,Troglitazone activated only,chemokine (C-X-C motif) ligand 8 (assay 283),chemokine (C-X-C motif) ligand 8 
281,#N/A,35.38417102,BSK_LPS_IL1a,regulation of gene expression,cytokine,interleukins,"interleukin 1, alpha","interleukin 1, alpha",Troglitazone activated only,"interleukin 1, alpha (assay 281)","interleukin 1, alpha "
163,#N/A,35.33435078,BSK_3C_TissueFactor,regulation of gene expression,cytokine,coagulation factor,"coagulation factor III (thromboplastin, tissue factor)","coagulation factor III (thromboplastin, tissue factor)",Troglitazone activated only,coagulation factor III (assay 163),coagulation factor III 
287,#N/A,33.04983251,BSK_LPS_MCSF,regulation of gene expression,cytokine,colony stimulating factor,colony stimulating factor 1 (macrophage),colony stimulating factor 1 (macrophage),Troglitazone activated only,colony stimulating factor 1 (assay 287),colony stimulating factor 1 
295,#N/A,35.55214409,BSK_LPS_TNFa,regulation of gene expression,cytokine,inflammatory factor,tumor necrosis factor,tumor necrosis factor,Troglitazone activated only,tumor necrosis factor (assay 295),tumor necrosis factor 
249,#N/A,6.764764119,BSK_hDFCGF_PAI1,regulation of gene expression,cytokine,plasmogen activator inhibitor,"serpin peptidase inhibitor, clade E (nexin, plasminogen activator inhibitor type 1), member 1","serpin peptidase inhibitor, clade E (nexin, plasminogen activator inhibitor type 1), member 1",Troglitazone activated only,"serpin peptidase inhibitor, clade E (assay 249)","serpin peptidase inhibitor, clade E "
149,#N/A,33.49898088,BSK_3C_ICAM1,regulation of gene expression,cell adhesion molecules,Immunoglobulin CAM,intercellular adhesion molecule 1,intercellular adhesion molecule 1,Troglitazone activated only,intercellular adhesion molecule 1 (assay 149),intercellular adhesion molecule 1 
259,#N/A,10.80784047,BSK_KF3CT_ICAM1,regulation of gene expression,cell adhesion molecules,Immunoglobulin CAM,intercellular adhesion molecule 1,intercellular adhesion molecule 1,Troglitazone activated only,intercellular adhesion molecule 1 (assay 259),intercellular adhesion molecule 1 
167,#N/A,28.12037198,BSK_3C_VCAM1,regulation of gene expression,cell adhesion molecules,Immunoglobulin CAM,vascular cell adhesion molecule 1,vascular cell adhesion molecule 1,Troglitazone activated only,vascular cell adhesion molecule 1 (assay 167),vascular cell adhesion molecule 1 
297,#N/A,14.08150697,BSK_LPS_VCAM1,regulation of gene expression,cell adhesion molecules,Immunoglobulin CAM,vascular cell adhesion molecule 1,vascular cell adhesion molecule 1,Troglitazone activated only,vascular cell adhesion molecule 1 (assay 297),vascular cell adhesion molecule 1 
235,#N/A,11.4438682,BSK_hDFCGF_CollagenIII,regulation of gene expression,cell adhesion molecules,collagen,"collagen, type III, alpha 1","collagen, type III, alpha 1",Troglitazone activated only,"collagen, type III, alpha 1 (assay 235)","collagen, type III, alpha 1 "
279,#N/A,15.83815736,BSK_LPS_Eselectin,regulation of gene expression,cell adhesion molecules,selectins,selectin E,selectin E,Troglitazone activated only,selectin E (assay 279),selectin E 
228,#N/A,4.579974356,BSK_CASM3C_Thrombomodulin,regulation of gene expression,growth factor/receptors,rhodopsin-like receptor,thrombomodulin,thrombomodulin,Troglitazone activated only,thrombomodulin (assay 228),thrombomodulin 
289,#N/A,33.83786869,BSK_LPS_PGE2,regulation of gene expression,growth factor/receptors,rhodopsin-like receptor,"prostaglandin E receptor 2 (subtype EP2), 53kDa","prostaglandin E receptor 2 (subtype EP2), 53kDa",Troglitazone activated only,prostaglandin E receptor 2 (assay 289),prostaglandin E receptor 2 
199,#N/A,12.04700797,BSK_BE3C_TGFb1,regulation of gene expression,growth factor/receptors,transforming growth factor beta,"transforming growth factor, beta 1","transforming growth factor, beta 1",Troglitazone activated only,"transforming growth factor, beta 1 (assay 199)","transforming growth factor, beta 1 "
237,#N/A,6.200270603,BSK_hDFCGF_EGFR,regulation of gene expression,growth factor/receptors,receptor tyrosine kinase,epidermal growth factor receptor,epidermal growth factor receptor,Troglitazone activated only,epidermal growth factor (assay 237),epidermal growth factor 
193,#N/A,33.26097875,BSK_BE3C_MMP1,regulation of gene expression,protease/related,Serine proteases/matrix metalloproteinases/inhibitors,matrix metallopeptidase 1 (interstitial collagenase),matrix metallopeptidase 1 (interstitial collagenase),Troglitazone activated only,matrix metallopeptidase 1 (assay 193),matrix metallopeptidase 1 
247,#N/A,20.422036,BSK_hDFCGF_MMP1,regulation of gene expression,protease/related,Serine proteases/matrix metalloproteinases/inhibitors,matrix metallopeptidase 1 (interstitial collagenase),matrix metallopeptidase 1 (interstitial collagenase),Troglitazone activated only,matrix metallopeptidase 1 (assar 247),matrix metallopeptidase 1 
201,#N/A,8.72952935,BSK_BE3C_tPA,regulation of gene expression,protease/related,Serine proteases/matrix metalloproteinases/inhibitors,"plasminogen activator, tissue","plasminogen activator, tissue",Troglitazone activated only,"plasminogen activator, tissue (assay 201)","plasminogen activator, tissue "
203,#N/A,11.87253124,BSK_BE3C_uPA,regulation of gene expression,protease/related,Serine proteases/matrix metalloproteinases/inhibitors,"plasminogen activator, urokinase","plasminogen activator, urokinase",Troglitazone activated only,"plasminogen activator, urokinase (assay 203)","plasminogen activator, urokinase "
255,#N/A,10.71956148,BSK_hDFCGF_TIMP1,regulation of gene expression,protease/related,Serine proteases/matrix metalloproteinases/inhibitors,TIMP metallopeptidase inhibitor 1,TIMP metallopeptidase inhibitor 1,Troglitazone activated only,TIMP metallopeptidase inhibitor 1 (assay 255),TIMP metallopeptidase inhibitor 1
273,#N/A,13.65572345,BSK_KF3CT_TIMP2,regulation of gene expression,protease/related,Serine proteases/matrix metalloproteinases/inhibitors,TIMP metallopeptidase inhibitor 2,TIMP metallopeptidase inhibitor 2,Troglitazone activated only,TIMP metallopeptidase inhibitor 2 (assay 273),TIMP metallopeptidase inhibitor 2 
