AssayTarget,TrogNAS,RosMalNAS,GPS
androgen receptor (762),-4.24,-1.00E+06,AR
chemokine (C-C motif) ligand 2 (173),-0.29,0.45,CCL2
chemokine (C-C motif) ligand 26 (171),-1.35,-3.41,CCL26
CD38 molecule (299),-1.57,-15.42,CD38
CD40 molecule (301),-0.78,-5.99,CD40
CD69 molecule (303),-3.05,-12,CD69
"collagen, type III, alpha 1 (235)",-0.79,-1.00E+06,COL3A1
colony stimulating factor 1 (243),-0.38,0.89,CSF1
chemokine (C-X-C motif) ligand 10 (241),-0.17,0.99,CXCL10
chemokine (C-X-C motif) ligand 9 (245),-0.86,-1.00E+06,CXCL9
"cytochrome P450, family 19, subfamily A, polypeptide 1 (767)",-3.04,-1.00E+06,CYP19A1
BSK_3C_Vis (169),-0.86,-1.00E+06,cytotoxicity
E2F transcription factor (1414),-0.03,-1.00E+06,E2F1
epidermal growth factor (237),0.03,-1.00E+06,EGF
estrogen receptor 1 (75),0.96,0.99,ESR1
"coagulation factor III (thromboplastin, tissue factor) (293)",-4.39,-5.29,F3
forkhead box protein (1425),-1.00E+06,-40.61,FOXO3
MHC Class II (185),-0.84,-12.04,HLA-DR
HMG box protein (1496),-1.56,-1.00E+06,hmgbox
heat shock transcription factor 1 (1113),-7.85,-1.00E+06,HSF1
intercellular adhesion molecule 1 (259),-0.69,-1.00E+06,ICAM1
"interleukin 1, alpha (261)",-1.1,0.46,IL1a
chemokine (C-X-C motif) ligand 8 (151),-1.07,-15.98,IL8
internal marker (68),-0.36,-1.00E+06,intmrkr
jun proto-oncogene (64),-0.26,-1.00E+06,JUN
low density lipoprotein receptor (214),-1.00E+06,-5.46,LDLR
TOX21_MMP_ratio (797),-1.1,-39.04,mmp
matrix metallopeptidase 1 (247),-2.2,-1.00E+06,MMP1
matrix metallopeptidase 9 (267),-0.45,-2.3,MMP9
metal-regulatory transcription factor 1 (91),-1.56,-1.00E+06,MTF1
ATG_DR4_LXR_CIS (1412),0.07,-1.00E+06,NR1H3
"nuclear receptor subfamily 1, group H, member 4 (120)",-1.54,-21.92,NR1H4
"nuclear receptor subfamily 1, group I, member 2 (103)",0.72,-2.95,NR1I2
"nuclear receptor subfamily 1, group I, member 3 (101)",-1.00E+06,-35.2,NR1I3
glucocorticoid receptor (794),-4.58,-1.00E+06,NR3C1
TOX21_ARE_BLA_Agonist_ch2 (1109),0.19,-21.53,NRF2
"plasminogen activator, tissue (201)",-0.37,-1.00E+06,PLAT
"plasminogen activator, urokinase (275)",-0.44,0.97,PLAU
"plasminogen activator, urokinase receptor (205)",-1.18,-2.68,PLAUR
peroxisome proliferator-activated receptors (102),0.99,0.99,ppar
peroxisome proliferator-activated receptor alpha (132),-1.00E+06,-2.42,PPARA
TOX21_PPARd_BLA_Agonist_ch2 (1123),-18.8,-4.09,PPARD
peroxisome proliferator-activated receptor gamma (802),1,0.99,PPARG
BSK_hDFCGF_Proliferation (251),0.17,-6.33,prlfrn
RAR-related orphan receptor (104),-0.41,-4.4,RORA
selectin E (279),-1.48,-11.76,SELE
selectin P (175),-0.67,-0.79,SELP
BSK_4H_SRB (177),-3.65,-6.7,srb
sterol regulatory element binding transcription factor 1 (107),0.68,-3.04,SREBF1
"transforming growth factor, beta 1  (271)",-1.73,1,TGFB1
thrombomodulin (228),0.28,-1.00E+06,THBD
thyroid hormone receptor (804),-2.28,-55.39,THRA
TIMP metallopeptidase inhibitor 1 (255),-0.68,-1.00E+06,TIMP1
TIMP metallopeptidase inhibitor 2 (273),-1.14,-1.00E+06,TIMP2
tumor necrosis factor (295),-4.57,-1.00E+06,TNF
TOX21_p53_BLA_p2_ch2 (1316),-1.35,-1.00E+06,TP53
upstream transcription factor 1 (72),-0.03,-1.00E+06,USF1
vascular cell adhesion molecule 1 (257),-0.38,0.87,VCAM1
"vitamin D (1,25- dihydroxyvitamin D3) receptor (113)",-0.3,-11.26,VDR
