"AssayTarget","TrogNAS","RosMalNAS"
"androgen receptor (762)",-4.24,-1e+06
"ATG_DR4_LXR_CIS (1412)",0.07,-1e+06
"cytochrome P450, family 19, subfamily A, polypeptide 1 (767)",-3.04,-1e+06
"E2F transcription factor (1414)",-0.03,-1e+06
"estrogen receptor 1 (75)",0.96,0.99
"glucocorticoid receptor (794)",-4.58,-1e+06
"heat shock transcription factor 1 (1113)",-7.85,-1e+06
"HMG box protein (1496)",-1.56,-1e+06
"internal marker (68)",-0.36,-1e+06
"jun proto-oncogene (64)",-0.26,-1e+06
"metal-regulatory transcription factor 1 (91)",-1.56,-1e+06
"nuclear factor, erythroid 2-like 2 (1110)",-0.25,-11.96
"nuclear receptor subfamily 1, group H, member 4 (120)",-1.54,-21.92
"nuclear receptor subfamily 1, group I, member 2 (103)",0.72,-2.95
"peroxisome proliferator-activated receptor gamma (802)",1,0.99
"peroxisome proliferator-activated receptors (102)",0.99,0.99
"RAR-related orphan receptor (104)",-0.41,-4.4
"sterol regulatory element binding transcription factor 1 (107)",0.68,-3.04
"thyroid hormone receptor (804)",-2.28,-55.39
"TOX21_ARE_BLA_Agonist_ch2 (1109)",0.19,-21.53
"TOX21_FXR_BLA_Agonist_ch2 (1118)",-3.8,-1e+06
"TOX21_FXR_BLA_Antagonist_ch1 (1191)",-38.61,-1e+06
"TOX21_GR_BLA_Antagonist_ch2 (1194)",-5.59,-1e+06
"TOX21_p53_BLA_p1_ch1 (1114)",-5.66,-1e+06
"TOX21_p53_BLA_p2_ch1 (1315)",-2.31,-1e+06
"TOX21_p53_BLA_p2_ch2 (1316)",-1.35,-1e+06
"TOX21_p53_BLA_p3_ch1 (1319)",-3.07,-1e+06
"TOX21_p53_BLA_p3_ch2 (1320)",-2.05,-1e+06
"TOX21_p53_BLA_p4_ch1 (1323)",-2.85,-1e+06
"TOX21_p53_BLA_p4_ch2 (1324)",-5.41,-1e+06
"TOX21_p53_BLA_p5_ch1 (1327)",-7.35,-1e+06
"TOX21_p53_BLA_p5_ch2 (1328)",-4.53,-1e+06
"TOX21_PPARd_BLA_Agonist_ch2 (1123)",-18.8,-4.09
"TOX21_PPARg_BLA_Agonist_ch2 (801)",1,0.95
"tumor protein p53 (1317)",-1.41,-1e+06
"upstream transcription factor 1 (72)",-0.03,-1e+06
"vitamin D (1,25- dihydroxyvitamin D3) receptor (113)",-0.3,-11.26
"forkhead box protein (1425)",-1e+06,-40.61
"nuclear receptor subfamily 1, group I, member 3 (101)",-1e+06,-35.2
"peroxisome proliferator-activated receptor alpha (132)",-1e+06,-2.42
"peroxisome proliferator-activated receptor delta (1124)",-1e+06,-17.83
"TOX21_ERa_BLA_Antagonist_ch1 (1189)",-1e+06,-9.31
"TOX21_VDR_BLA_Agonist_ch2 (1130)",-1e+06,-18.14
"CD38 molecule (299)",-1.57,-15.42
"CD40 molecule (301)",-0.78,-5.99
"CD69 molecule (303)",-3.05,-12
"chemokine (C-C motif) ligand 2 (173)",-0.29,0.45
"chemokine (C-C motif) ligand 26 (171)",-1.35,-3.41
"chemokine (C-X-C motif) ligand 10 (241)",-0.17,0.99
"chemokine (C-X-C motif) ligand 8 (151)",-1.07,-15.98
"chemokine (C-X-C motif) ligand 9 (245)",-0.86,-1e+06
"coagulation factor III (thromboplastin, tissue factor) (293)",-4.39,-5.29
"collagen, type III, alpha 1 (235)",-0.79,-1e+06
"colony stimulating factor 1 (243)",-0.38,0.89
"epidermal growth factor (237)",0.03,-1e+06
"intercellular adhesion molecule 1 (259)",-0.69,-1e+06
"interleukin 1, alpha (261)",-1.1,0.46
"MHC Class II (185)",-0.84,-12.04
"matrix metallopeptidase 1 (247)",-2.2,-1e+06
"matrix metallopeptidase 9 (267)",-0.45,-2.3
"plasminogen activator inhibitor type 1 (195)",-0.77,0.83
"plasminogen activator, tissue (201)",-0.37,-1e+06
"plasminogen activator, urokinase (275)",-0.44,0.97
"plasminogen activator, urokinase receptor (205)",-1.18,-2.68
"prostaglandin E receptor 2 (289)",-4.3,-1e+06
"selectin E (279)",-1.48,-11.76
"selectin P (175)",-0.67,-0.79
"serpin peptidase inhibitor, clade E (249)",-0.06,-1e+06
"thrombomodulin (228)",0.28,-1e+06
"TIMP metallopeptidase inhibitor 1 (255)",-0.68,-1e+06
"TIMP metallopeptidase inhibitor 2 (273)",-1.14,-1e+06
"transforming growth factor, beta 1  (271)",-1.73,1
"tumor necrosis factor (295)",-4.57,-1e+06
"vascular cell adhesion molecule 1 (257)",-0.38,0.87
"low density lipoprotein receptor (214)",-1e+06,-5.46
"prostaglandin E receptor 2 (290)",-1e+06,0.78
"BSK_3C_Proliferation (157)",-2.35,-5.3
"BSK_3C_SRB (159)",-1.51,-1e+06
"BSK_3C_Vis (169)",-0.86,-1e+06
"BSK_4H_SRB (177)",-3.65,-6.7
"BSK_BE3C_SRB (197)",-2.48,-1e+06
"BSK_CASM3C_Proliferation (221)",0.15,-1e+06
"BSK_hDFCGF_Proliferation (251)",0.17,-6.33
"BSK_hDFCGF_SRB (253)",-1.26,-1e+06
"BSK_KF3CT_SRB (269)",-0.67,-1e+06
"BSK_LPS_SRB (291)",-3.17,-1e+06
"BSK_SAg_PBMCCytotoxicity (313)",-2.98,-1e+06
"BSK_SAg_Proliferation (315)",-0.7,-14.64
"BSK_SAg_SRB (317)",-2.93,-1e+06
"TOX21_AR_BLA_Antagonist_viability (763)",-4.6,-1e+06
"TOX21_MMP_ratio (797)",-1.1,-39.04
"TOX21_p53_BLA_p1_viability (1187)",-7.58,-1e+06
"TOX21_p53_BLA_p2_viability (1318)",-9.28,-1e+06
"TOX21_p53_BLA_p3_viability (1322)",-10.53,-1e+06
"TOX21_p53_BLA_p4_viability (1326)",-8.45,-1e+06
"TOX21_p53_BLA_p5_viability (1330)",-10.55,-1e+06
