Assay Component Name,Biological Process,Target Family,Target SubFamily,Target Full Name,Target Gene Name,Class,TargetAssay,Target
BSK_SAg_CD38,regulation of gene expression,cytokine,other cytokine,CD38 molecule,CD38 molecule,Rosiglitazone (Maleate) & Troglitazone activated,CD38 molecule (assay 299),CD38 molecule 
BSK_SAg_CD40,regulation of gene expression,cytokine,inflammatory factor,"CD40 molecule, TNF receptor superfamily member 5","CD40 molecule, TNF receptor superfamily member 5",Rosiglitazone (Maleate) & Troglitazone activated,CD40 molecule (assay 301),CD40 molecule 
BSK_SAg_CD69,regulation of gene expression,cytokine,inflammatory factor,CD69 molecule,CD69 molecule,Rosiglitazone (Maleate) & Troglitazone activated,CD69 molecule (assay 303),CD69 molecule 
BSK_3C_MCP1,regulation of gene expression,cytokine,chemotactic factor,chemokine (C-C motif) ligand 2,chemokine (C-C motif) ligand 2,Rosiglitazone (Maleate) & Troglitazone activated,chemokine (C-C motif) ligand 2 (assay 153),chemokine (C-C motif) ligand 2 
BSK_4H_Eotaxin3,regulation of gene expression,cytokine,chemotactic factor,chemokine (C-C motif) ligand 26,chemokine (C-C motif) ligand 26,Rosiglitazone (Maleate) & Troglitazone activated,chemokine (C-C motif) ligand 26 (assay 171),chemokine (C-C motif) ligand 26 
BSK_BE3C_IP10,regulation of gene expression,cytokine,chemotactic factor,chemokine (C-X-C motif) ligand 10,chemokine (C-X-C motif) ligand 10,Rosiglitazone (Maleate) & Troglitazone activated,chemokine (C-X-C motif) ligand 10 (assay 189),chemokine (C-X-C motif) ligand 10 
BSK_SAg_IL8,regulation of gene expression,cytokine,interleukins,chemokine (C-X-C motif) ligand 8,chemokine (C-X-C motif) ligand 8,Rosiglitazone (Maleate) & Troglitazone activated,chemokine (C-X-C motif) ligand 8 (assay 307),chemokine (C-X-C motif) ligand 8 
BSK_3C_MIG,regulation of gene expression,cytokine,chemotactic factor,chemokine (C-X-C motif) ligand 9,chemokine (C-X-C motif) ligand 9,Troglitazone activated only,chemokine (C-X-C motif) ligand 9 (assay 155),chemokine (C-X-C motif) ligand 9 
BSK_LPS_TissueFactor,regulation of gene expression,cytokine,coagulation factor,"coagulation factor III (thromboplastin, tissue factor)","coagulation factor III (thromboplastin, tissue factor)",Rosiglitazone (Maleate) & Troglitazone activated,"coagulation factor III (thromboplastin, tissue factor) (assay 293)",coagulation factor III 
BSK_hDFCGF_CollagenIII,regulation of gene expression,cell adhesion molecules,collagen,"collagen, type III, alpha 1","collagen, type III, alpha 1",Troglitazone activated only,"collagen, type III, alpha 1 (assay 235)","collagen, type III, alpha 1 "
BSK_hDFCGF_MCSF,regulation of gene expression,cytokine,colony stimulating factor,colony stimulating factor 1 (macrophage),colony stimulating factor 1 (macrophage),Rosiglitazone (Maleate) & Troglitazone activated,colony stimulating factor 1 (assay 243),colony stimulating factor 1 
BSK_hDFCGF_EGFR,regulation of gene expression,growth factor/receptors,receptor tyrosine kinase,epidermal growth factor receptor,epidermal growth factor receptor,Troglitazone activated only,epidermal growth factor (assay 237),epidermal growth factor 
BSK_3C_ICAM1,regulation of gene expression,cell adhesion molecules,Immunoglobulin CAM,intercellular adhesion molecule 1,intercellular adhesion molecule 1,Troglitazone activated only,intercellular adhesion molecule 1 (assay 149),intercellular adhesion molecule 1 
BSK_BE3C_IL1a,regulation of gene expression,cytokine,interleukins,"interleukin 1, alpha","interleukin 1, alpha",Rosiglitazone (Maleate) & Troglitazone activated,"interleukin 1, alpha (assay 187)","interleukin 1, alpha "
BSK_CASM3C_LDLR,regulation of gene expression,growth factor/receptors,LDL receptor,low density lipoprotein receptor,low density lipoprotein receptor,Rosiglitazone (Maleate) activated only,low density lipoprotein receptor (assay 214),low density lipoprotein receptor 
BSK_3C_HLADR,regulation of gene expression,cell adhesion molecules,MHC Class II,"major histocompatibility complex, class II, DR alpha","major histocompatibility complex, class II, DR alpha",Rosiglitazone (Maleate) & Troglitazone activated,MHC Class II (assay 147),"major histocompatibility complex, class II"
BSK_hDFCGF_MMP1,regulation of gene expression,protease/related,Serine proteases/matrix metalloproteinases/inhibitors,matrix metallopeptidase 1 (interstitial collagenase),matrix metallopeptidase 1 (interstitial collagenase),Troglitazone activated only,matrix metallopeptidase 1 (assar 247),matrix metallopeptidase 1 
BSK_KF3CT_MMP9,regulation of gene expression,protease/related,matrix metalloproteinase,"matrix metallopeptidase 9 (gelatinase B, 92kDa gelatinase, 92kDa type IV collagenase)","matrix metallopeptidase 9 (gelatinase B, 92kDa gelatinase, 92kDa type IV collagenase)",Rosiglitazone (Maleate) & Troglitazone activated,"matrix metallopeptidase 9 (gelatinase B, 92kDa gelatinase, 92kDa type IV collagenase) (assay 267)",matrix metallopeptidase 9 
BSK_BE3C_PAI1,regulation of gene expression,growth factor/receptors,plasmogen activator inhibitor,"serpin peptidase inhibitor, clade E (nexin, plasminogen activator inhibitor type 1), member 1","serpin peptidase inhibitor, clade E (nexin, plasminogen activator inhibitor type 1), member 1",Rosiglitazone (Maleate) & Troglitazone activated,plasminogen activator inhibitor type 1 (assay 195),plasminogen activator inhibitor type 1 
BSK_BE3C_tPA,regulation of gene expression,protease/related,Serine proteases/matrix metalloproteinases/inhibitors,"plasminogen activator, tissue","plasminogen activator, tissue",Troglitazone activated only,"plasminogen activator, tissue (assay 201)","plasminogen activator, tissue "
BSK_KF3CT_uPA,regulation of gene expression,protease/related,serine protease,"plasminogen activator, urokinase","plasminogen activator, urokinase",Rosiglitazone (Maleate) & Troglitazone activated,"plasminogen activator, urokinase (assay 275)","plasminogen activator, urokinase "
BSK_3C_uPAR,regulation of gene expression,growth factor/receptors,plasmogen activator,"plasminogen activator, urokinase receptor","plasminogen activator, urokinase receptor",Rosiglitazone (Maleate) & Troglitazone activated,"plasminogen activator, urokinase receptor (assay 165)","plasminogen activator, urokinase receptor "
BSK_LPS_PGE2,regulation of gene expression,growth factor/receptors,rhodopsin-like receptor,"prostaglandin E receptor 2 (subtype EP2), 53kDa","prostaglandin E receptor 2 (subtype EP2), 53kDa",Rosiglitazone (Maleate) & Troglitazone activated,prostaglandin E receptor 2 (assay 290),prostaglandin E receptor 2
BSK_3C_Eselectin,regulation of gene expression,cell adhesion molecules,selectins,selectin E,selectin E,Rosiglitazone (Maleate) & Troglitazone activated,selectin E (assay 145),selectin E 
BSK_4H_Pselectin,regulation of gene expression,cell adhesion molecules,selectins,"selectin P (granule membrane protein 140kDa, antigen CD62)","selectin P (granule membrane protein 140kDa, antigen CD62)",Rosiglitazone (Maleate) & Troglitazone activated,selectin P (assay 175),selectin P 
BSK_hDFCGF_PAI1,regulation of gene expression,cytokine,plasmogen activator inhibitor,"serpin peptidase inhibitor, clade E (nexin, plasminogen activator inhibitor type 1), member 1","serpin peptidase inhibitor, clade E (nexin, plasminogen activator inhibitor type 1), member 1",Troglitazone activated only,"serpin peptidase inhibitor, clade E (assay 249)","serpin peptidase inhibitor, clade E "
BSK_CASM3C_Thrombomodulin,regulation of gene expression,growth factor/receptors,rhodopsin-like receptor,thrombomodulin,thrombomodulin,Troglitazone activated only,thrombomodulin (assay 228),thrombomodulin 
BSK_hDFCGF_TIMP1,regulation of gene expression,protease/related,Serine proteases/matrix metalloproteinases/inhibitors,TIMP metallopeptidase inhibitor 1,TIMP metallopeptidase inhibitor 1,Troglitazone activated only,TIMP metallopeptidase inhibitor 1 (assay 255),TIMP metallopeptidase inhibitor 1
BSK_KF3CT_TIMP2,regulation of gene expression,protease/related,Serine proteases/matrix metalloproteinases/inhibitors,TIMP metallopeptidase inhibitor 2,TIMP metallopeptidase inhibitor 2,Troglitazone activated only,TIMP metallopeptidase inhibitor 2 (assay 273),TIMP metallopeptidase inhibitor 2 
BSK_KF3CT_TGFb1,regulation of gene expression,growth factor/receptors,transforming growth factor beta,"transforming growth factor, beta 1","transforming growth factor, beta 1",Rosiglitazone (Maleate) & Troglitazone activated,"transforming growth factor, beta 1  (assay 271)","transforming growth factor, beta 1"
BSK_LPS_TNFa,regulation of gene expression,cytokine,inflammatory factor,tumor necrosis factor,tumor necrosis factor,Troglitazone activated only,tumor necrosis factor (assay 295),tumor necrosis factor 
BSK_4H_VCAM1,regulation of gene expression,cell adhesion molecules,Immunoglobulin CAM,vascular cell adhesion molecule 1,vascular cell adhesion molecule 1,Rosiglitazone (Maleate) & Troglitazone activated,vascular cell adhesion molecule 1 (assay 181),vascular cell adhesion molecule 1 
