Assay Component Name,Biological Process,Target Family,Target SubFamily,Target Full Name,Target Gene Name,Class,TargetAssay,Target
ATG_ERE_CIS,regulation of transcription factor activity,nuclear receptor,steroidal,estrogen receptor 1,estrogen receptor 1,Rosiglitazone (Maleate) & Troglitazone activated,estrogen receptor 1 (assay75),estrogen receptor 1 
ATG_NRF2_ARE_CIS,regulation of transcription factor activity,dna binding,basic leucine zipper,"nuclear factor, erythroid 2-like 2","nuclear factor, erythroid 2-like 2",Rosiglitazone (Maleate) & Troglitazone activated,"nuclear factor, erythroid 2-like 2 (assay 97)","nuclear factor, erythroid 2-like 2 "
ATG_FXR_TRANS,regulation of transcription factor activity,nuclear receptor,non-steroidal,"nuclear receptor subfamily 1, group H, member 4","nuclear receptor subfamily 1, group H, member 4",Rosiglitazone (Maleate) & Troglitazone activated,"nuclear receptor subfamily 1, group H, member 4 (assay 120)","nuclear receptor subfamily 1, group H, member 4 "
ATG_PXRE_CIS,regulation of transcription factor activity,nuclear receptor,non-steroidal,"nuclear receptor subfamily 1, group I, member 2","nuclear receptor subfamily 1, group I, member 2",Rosiglitazone (Maleate) & Troglitazone activated,"nuclear receptor subfamily 1, group I, member 2 (assay 103)","nuclear receptor subfamily 1, group I, member 2 "
TOX21_PPARg_BLA_Agonist_ratio,regulation of transcription factor activity,nuclear receptor,non-steroidal,peroxisome proliferator-activated receptor gamma,peroxisome proliferator-activated receptor gamma,Rosiglitazone (Maleate) & Troglitazone activated,peroxisome proliferator-activated receptor gamma (assay 802),peroxisome proliferator-activated receptor gamma 
ATG_PPRE_CIS,regulation of transcription factor activity,nuclear receptor,non-steroidal,peroxisome proliferator-activated receptor alpha|peroxisome proliferator-activated receptor delta|peroxisome proliferator-activated receptor gamma,peroxisome proliferator-activated receptor alpha|peroxisome proliferator-activated receptor delta|peroxisome proliferator-activated receptor gamma,Rosiglitazone (Maleate) & Troglitazone activated,peroxisome proliferator-activated receptors (assay 102),peroxisome proliferator-activated receptors 
ATG_RORE_CIS,regulation of transcription factor activity,nuclear receptor,orphan,RAR-related orphan receptor A|RAR-related orphan receptor B|RAR-related orphan receptor C,RAR-related orphan receptor A|RAR-related orphan receptor B|RAR-related orphan receptor C,Rosiglitazone (Maleate) & Troglitazone activated,RAR-related orphan receptor (assay 104),RAR-related orphan receptor 
ATG_SREBP_CIS,regulation of transcription factor activity,dna binding,basic helix-loop-helix leucine zipper,sterol regulatory element binding transcription factor 1,sterol regulatory element binding transcription factor 1,Rosiglitazone (Maleate) & Troglitazone activated,sterol regulatory element binding transcription factor 1 (assay 107),sterol regulatory element binding transcription factor 1 
TOX21_TR_LUC_GH3_Antagonist,regulation of transcription factor activity,nuclear receptor,non-steroidal,"thyroid hormone receptor, beta|thyroid hormone receptor, alpha","thyroid hormone receptor, beta|thyroid hormone receptor, alpha",Rosiglitazone (Maleate) & Troglitazone activated,thyroid hormone receptor (assay 804),thyroid hormone receptor 
TOX21_ARE_BLA_Agonist_ch2,regulation of transcription factor activity,background measurement/other,baseline control,NA,NA,Rosiglitazone (Maleate) & Troglitazone activated,TOX21_ARE_BLA_Agonist_ch2 (assay 1109),TOX21_ARE_BLA_Agonist_ch2
TOX21_PPARd_BLA_Agonist_ch2,regulation of transcription factor activity,background measurement/other,baseline control,NA,NA,Rosiglitazone (Maleate) & Troglitazone activated,TOX21_PPARd_BLA_Agonist_ch2 (assay 1123),TOX21_PPARd_BLA_Agonist_ch2
TOX21_PPARg_BLA_Agonist_ch2,regulation of transcription factor activity,background measurement/other,baseline control,NA,NA,Rosiglitazone (Maleate) & Troglitazone activated,TOX21_PPARg_BLA_Agonist_ch2 (assay 801),TOX21_PPARg_BLA_Agonist_ch2
ATG_VDRE_CIS,regulation of transcription factor activity,nuclear receptor,non-steroidal,"vitamin D (1,25- dihydroxyvitamin D3) receptor","vitamin D (1,25- dihydroxyvitamin D3) receptor",Rosiglitazone (Maleate) & Troglitazone activated,"vitamin D (1,25- dihydroxyvitamin D3) receptor (assay 113)","vitamin D (1,25- dihydroxyvitamin D3) receptor "
ATG_FoxA2_CIS,regulation of transcription factor activity,dna binding,forkhead box protein,NA,NA,Rosiglitazone (Maleate) activated only,forkhead box protein (assay 1425),forkhead box protein 
ATG_PBREM_CIS,regulation of transcription factor activity,nuclear receptor,non-steroidal,"nuclear receptor subfamily 1, group I, member 3","nuclear receptor subfamily 1, group I, member 3",Rosiglitazone (Maleate) activated only,"nuclear receptor subfamily 1, group I, member 3 (assay 101)","nuclear receptor subfamily 1, group I, member 3 "
ATG_PPARa_TRANS,regulation of transcription factor activity,nuclear receptor,non-steroidal,peroxisome proliferator-activated receptor alpha,peroxisome proliferator-activated receptor alpha,Rosiglitazone (Maleate) activated only,peroxisome proliferator-activated receptor alpha (assay 132),peroxisome proliferator-activated receptor alpha 
TOX21_PPARd_BLA_Agonist_ratio,regulation of transcription factor activity,nuclear receptor,non-steroidal,peroxisome proliferator-activated receptor delta,peroxisome proliferator-activated receptor delta,Rosiglitazone (Maleate) activated only,peroxisome proliferator-activated receptor delta (assay 1124),peroxisome proliferator-activated receptor delta 
TOX21_ERa_BLA_Antagonist_ch1,regulation of transcription factor activity,background measurement/other,baseline control,NA,NA,Rosiglitazone (Maleate) activated only,TOX21_ERa_BLA_Antagonist_ch1 (assay 1189),TOX21_ERa_BLA_Antagonist_ch1
TOX21_VDR_BLA_Agonist_ch2,regulation of transcription factor activity,background measurement/other,baseline control,NA,NA,Rosiglitazone (Maleate) activated only,TOX21_VDR_BLA_Agonist_ch2 (assay 1130),TOX21_VDR_BLA_Agonist_ch2
TOX21_AR_BLA_Antagonist_ratio,regulation of transcription factor activity,nuclear receptor,steroidal,androgen receptor,androgen receptor,Troglitazone activated only,androgen receptor (assay 762),androgen receptor 
ATG_DR4_LXR_CIS,regulation of transcription factor activity,nuclear receptor,non-steroidal,NA,NA,Troglitazone activated only,ATG_DR4_LXR_CIS (assay 1412),ATG_DR4_LXR_CIS 
TOX21_Aromatase_Inhibition,regulation of transcription factor activity,background measurement/other,steroidogenesis-related,"cytochrome P450, family 19, subfamily A, polypeptide 1","cytochrome P450, family 19, subfamily A, polypeptide 1",Troglitazone activated only,"cytochrome P450, family 19, subfamily A, polypeptide 1 (assay 767)","cytochrome P450, family 19, subfamily A, polypeptide 1 "
ATG_E2F_CIS,regulation of transcription factor activity,dna binding,E2F transcription factor,NA,NA,Troglitazone activated only,E2F transcription factor (assay 1414),E2F transcription factor 
TOX21_GR_BLA_Antagonist_ratio,regulation of transcription factor activity,nuclear receptor,steroidal,"nuclear receptor subfamily 3, group C, member 1 (glucocorticoid receptor)",glucocorticoid receptor,Troglitazone activated only,glucocorticoid receptor (assay 794),glucocorticoid receptor 
TOX21_HSE_BLA_Agonist_ratio,regulation of transcription factor activity,dna binding,heat shock protein,heat shock transcription factor 1,heat shock transcription factor 1,Troglitazone activated only,heat shock transcription factor 1 (assay 1113),heat shock transcription factor 1 
ATG_TCF_b_cat_CIS,regulation of transcription factor activity,dna binding,HMG box protein,NA,NA,Troglitazone activated only,HMG box protein (assay 1496),HMG box protein 
ATG_CMV_CIS,regulation of transcription factor activity,background measurement/other,internal marker,NA,NA,Troglitazone activated only,internal marker (assay 68),internal marker 
ATG_AP_1_CIS,regulation of transcription factor activity,dna binding,basic leucine zipper,jun proto-oncogene|FBJ murine osteosarcoma viral oncogene homolog,jun proto-oncogene|FBJ murine osteosarcoma viral oncogene homolog,Troglitazone activated only,jun proto-oncogene (assay 64),jun proto-oncogene 
ATG_MRE_CIS,regulation of transcription factor activity,dna binding,zinc finger,metal-regulatory transcription factor 1,metal-regulatory transcription factor 1,Troglitazone activated only,metal-regulatory transcription factor 1 (assay 91),metal-regulatory transcription factor 1 
TOX21_FXR_BLA_Agonist_ch2,regulation of transcription factor activity,background measurement/other,baseline control,NA,NA,Troglitazone activated only,TOX21_FXR_BLA_Agonist_ch2 (assay 1118),TOX21_FXR_BLA_Agonist_ch2 
TOX21_FXR_BLA_Antagonist_ch1,regulation of transcription factor activity,background measurement/other,baseline control,NA,NA,Troglitazone activated only,TOX21_FXR_BLA_Antagonist_ch1 (assay 1191),TOX21_FXR_BLA_Antagonist_ch1 
TOX21_GR_BLA_Antagonist_ch2,regulation of transcription factor activity,background measurement/other,baseline control,NA,NA,Troglitazone activated only,TOX21_GR_BLA_Antagonist_ch2 (assay 1194),TOX21_GR_BLA_Antagonist_ch2 
TOX21_p53_BLA_p1_ch1,regulation of transcription factor activity,background measurement/other,baseline control,NA,NA,Troglitazone activated only,TOX21_p53_BLA_p1_ch1 (assay 1114),TOX21_p53_BLA_p1_ch1 
TOX21_p53_BLA_p2_ch1,regulation of transcription factor activity,background measurement/other,baseline control,NA,NA,Troglitazone activated only,TOX21_p53_BLA_p2_ch1 (assay 1315),TOX21_p53_BLA_p2_ch1 
TOX21_p53_BLA_p2_ch2,regulation of transcription factor activity,background measurement/other,baseline control,NA,NA,Troglitazone activated only,TOX21_p53_BLA_p2_ch2 (assay 1316),TOX21_p53_BLA_p2_ch2 
TOX21_p53_BLA_p3_ch1,regulation of transcription factor activity,background measurement/other,baseline control,NA,NA,Troglitazone activated only,TOX21_p53_BLA_p3_ch1 (assay 1319),TOX21_p53_BLA_p3_ch1 
TOX21_p53_BLA_p3_ch2,regulation of transcription factor activity,background measurement/other,baseline control,NA,NA,Troglitazone activated only,TOX21_p53_BLA_p3_ch2 (assay 1320),TOX21_p53_BLA_p3_ch2 
TOX21_p53_BLA_p4_ch1,regulation of transcription factor activity,background measurement/other,baseline control,NA,NA,Troglitazone activated only,TOX21_p53_BLA_p4_ch1 (assay 1323),TOX21_p53_BLA_p4_ch1 
TOX21_p53_BLA_p4_ch2,regulation of transcription factor activity,background measurement/other,baseline control,NA,NA,Troglitazone activated only,TOX21_p53_BLA_p4_ch2 (assay 1324),TOX21_p53_BLA_p4_ch2 
TOX21_p53_BLA_p5_ch1,regulation of transcription factor activity,background measurement/other,baseline control,NA,NA,Troglitazone activated only,TOX21_p53_BLA_p5_ch1 (assay 1327),TOX21_p53_BLA_p5_ch1 
TOX21_p53_BLA_p5_ch2,regulation of transcription factor activity,background measurement/other,baseline control,NA,NA,Troglitazone activated only,TOX21_p53_BLA_p5_ch2 (assay 1328),TOX21_p53_BLA_p5_ch2 
TOX21_p53_BLA_p5_ratio,regulation of transcription factor activity,dna binding,tumor suppressor,tumor protein p53,tumor protein p53,Troglitazone activated only,tumor protein p53 (assay 1329),tumor protein p53 
ATG_E_Box_CIS,regulation of transcription factor activity,dna binding,basic helix-loop-helix protein,upstream transcription factor 1,upstream transcription factor 1,Troglitazone activated only,upstream transcription factor 1 (assay 72),upstream transcription factor 1 
