Assay Component Name,Biological Process,Target Family,Target SubFamily,Target Full Name,Target Gene Name,Class,TargetAssay,Target
BSK_4H_SRB,cell cycle/cell morphology,cell cycle,cytotoxicity,NA,NA,Rosiglitazone (Maleate) & Troglitazone activated,BSK_4H_SRB (assay 177),BSK_4H_SRB 
BSK_3C_Proliferation,cell cycle/cell morphology,cell cycle,cytotoxicity,NA,NA,Rosiglitazone (Maleate) & Troglitazone activated,BSK_3C_Proliferation (assay 157),BSK_3C_Proliferation 
BSK_hDFCGF_Proliferation,cell cycle/cell morphology,cell cycle,cytotoxicity,NA,NA,Rosiglitazone (Maleate) & Troglitazone activated,BSK_hDFCGF_Proliferation (assay 251),BSK_hDFCGF_Proliferation 
BSK_SAg_Proliferation,cell cycle/cell morphology,cell cycle,cytotoxicity,NA,NA,Rosiglitazone (Maleate) & Troglitazone activated,BSK_SAg_Proliferation (assay 315),BSK_SAg_Proliferation 
TOX21_MMP_ratio,cell cycle/cell morphology,cell morphology,organelle conformation,NA,NA,Rosiglitazone (Maleate) & Troglitazone activated,TOX21_MMP_ratio (assay 797),TOX21_MMP_ratio 
BSK_3C_SRB,cell cycle/cell morphology,cell cycle,cytotoxicity,NA,NA,Troglitazone activated only,BSK_3C_SRB (assay 159),BSK_3C_SRB 
BSK_BE3C_SRB,cell cycle/cell morphology,cell cycle,cytotoxicity,NA,NA,Troglitazone activated only,BSK_BE3C_SRB (assay 197),BSK_BE3C_SRB 
BSK_hDFCGF_SRB,cell cycle/cell morphology,cell cycle,cytotoxicity,NA,NA,Troglitazone activated only,BSK_hDFCGF_SRB (assay 253),BSK_hDFCGF_SRB 
BSK_KF3CT_SRB,cell cycle/cell morphology,cell cycle,cytotoxicity,NA,NA,Troglitazone activated only,BSK_KF3CT_SRB (assay 269),BSK_KF3CT_SRB 
BSK_LPS_SRB,cell cycle/cell morphology,cell cycle,cytotoxicity,NA,NA,Troglitazone activated only,BSK_LPS_SRB (assay 291),BSK_LPS_SRB 
BSK_SAg_SRB,cell cycle/cell morphology,cell cycle,cytotoxicity,NA,NA,Troglitazone activated only,BSK_SAg_SRB (assay 317),BSK_SAg_SRB 
TOX21_p53_BLA_p1_viability,cell cycle/cell morphology,cell cycle,cytotoxicity,NA,NA,Troglitazone activated only,TOX21_p53_BLA_p1_viability (assay 1187),TOX21_p53_BLA_p1_viability 
TOX21_p53_BLA_p2_viability,cell cycle/cell morphology,cell cycle,cytotoxicity,NA,NA,Troglitazone activated only,TOX21_p53_BLA_p2_viability (assay 1318),TOX21_p53_BLA_p2_viability 
TOX21_p53_BLA_p3_viability,cell cycle/cell morphology,cell cycle,cytotoxicity,NA,NA,Troglitazone activated only,TOX21_p53_BLA_p3_viability (assay 1322),TOX21_p53_BLA_p3_viability 
TOX21_p53_BLA_p4_viability,cell cycle/cell morphology,cell cycle,cytotoxicity,NA,NA,Troglitazone activated only,TOX21_p53_BLA_p4_viability (assay 1326),TOX21_p53_BLA_p4_viability 
TOX21_p53_BLA_p5_viability,cell cycle/cell morphology,cell cycle,cytotoxicity,NA,NA,Troglitazone activated only,TOX21_p53_BLA_p5_viability (assay 1330),TOX21_p53_BLA_p5_viability 
BSK_CASM3C_Proliferation,cell cycle/cell morphology,cell cycle,cytotoxicity,NA,NA,Troglitazone activated only,BSK_CASM3C_Proliferation (assay 221),BSK_CASM3C_Proliferation 
TOX21_AR_BLA_Antagonist_viability,cell cycle/cell morphology,cell cycle,cytotoxicity,NA,NA,Troglitazone activated only,TOX21_AR_BLA_Antagonist_viability (assay 763),TOX21_AR_BLA_Antagonist_viability 
BSK_SAg_PBMCCytotoxicity,cell cycle/cell morphology,cell cycle,proliferation,NA,NA,Troglitazone activated only,BSK_SAg_PBMCCytotoxicity (assay 313),BSK_SAg_PBMCCytotoxicity 
BSK_3C_Vis,cell cycle/cell morphology,cell morphology,cell conformation,NA,NA,Troglitazone activated only,BSK_3C_Vis (assay 169),BSK_3C_Vis 
