"AssayID","EC50(Rosiglitazone Maleate)","EC50(Troglidazone)","Assay Component Name","Biological Process","Target Family","Target SubFamily","Target Full Name","Target Gene Name","Class"
75,0.008004455,0.226236146,"ATG_ERE_CIS","regulation of transcription factor activity","nuclear receptor","steroidal","estrogen receptor 1","estrogen receptor 1","Class 1"
97,17.82102399,9.668011105,"ATG_NRF2_ARE_CIS","regulation of transcription factor activity","dna binding","basic leucine zipper","nuclear factor, erythroid 2-like 2","nuclear factor, erythroid 2-like 2","Class 1"
101,49.76330104,NA,"ATG_PBREM_CIS","regulation of transcription factor activity","nuclear receptor","non-steroidal","nuclear receptor subfamily 1, group I, member 3","nuclear receptor subfamily 1, group I, member 3","Class 1"
102,0.008,0.083522066,"ATG_PPRE_CIS","regulation of transcription factor activity","nuclear receptor","non-steroidal","peroxisome proliferator-activated receptor alpha|peroxisome proliferator-activated receptor delta|peroxisome proliferator-activated receptor gamma","peroxisome proliferator-activated receptor alpha|peroxisome proliferator-activated receptor delta|peroxisome proliferator-activated receptor gamma","Class 1"
103,5.428708668,1.785344354,"ATG_PXRE_CIS","regulation of transcription factor activity","nuclear receptor","non-steroidal","nuclear receptor subfamily 1, group I, member 2","nuclear receptor subfamily 1, group I, member 2","Class 1"
104,7.419017584,9.032370379,"ATG_RORE_CIS","regulation of transcription factor activity","nuclear receptor","orphan","RAR-related orphan receptor A|RAR-related orphan receptor B|RAR-related orphan receptor C","RAR-related orphan receptor A|RAR-related orphan receptor B|RAR-related orphan receptor C","Class 1"
107,5.550492959,2.051166744,"ATG_SREBP_CIS","regulation of transcription factor activity","dna binding","basic helix-loop-helix leucine zipper","sterol regulatory element binding transcription factor 1","sterol regulatory element binding transcription factor 1","Class 1"
113,16.84774325,8.285799358,"ATG_VDRE_CIS","regulation of transcription factor activity","nuclear receptor","non-steroidal","vitamin D (1,25- dihydroxyvitamin D3) receptor","vitamin D (1,25- dihydroxyvitamin D3) receptor","Class 1"
120,31.51336902,16.22386989,"ATG_FXR_TRANS","regulation of transcription factor activity","nuclear receptor","non-steroidal","nuclear receptor subfamily 1, group H, member 4","nuclear receptor subfamily 1, group H, member 4","Class 1"
132,4.697654669,NA,"ATG_PPARa_TRANS","regulation of transcription factor activity","nuclear receptor","non-steroidal","peroxisome proliferator-activated receptor alpha","peroxisome proliferator-activated receptor alpha","Class 1"
134,0.013971205,0.154710939,"ATG_PPARg_TRANS","regulation of transcription factor activity","nuclear receptor","non-steroidal","peroxisome proliferator-activated receptor gamma","peroxisome proliferator-activated receptor gamma","Class 1"
135,5.683455606,2.800152574,"ATG_PXR_TRANS","regulation of transcription factor activity","nuclear receptor","non-steroidal","nuclear receptor subfamily 1, group I, member 2","nuclear receptor subfamily 1, group I, member 2","Class 1"
145,17.53876419,36.14978318,"BSK_3C_Eselectin","regulation of gene expression","cell adhesion molecules","selectins","selectin E","selectin E","Class 1"
147,19.7887905,22.53607256,"BSK_3C_HLADR","regulation of gene expression","cell adhesion molecules","MHC Class II","major histocompatibility complex, class II, DR alpha","major histocompatibility complex, class II, DR alpha","Class 1"
153,0.761426663,23.65642964,"BSK_3C_MCP1","regulation of gene expression","cytokine","chemotactic factor","chemokine (C-C motif) ligand 2","chemokine (C-C motif) ligand 2","Class 1"
157,8.656782655,21.37403997,"BSK_3C_Proliferation","cell proliferation","cell cycle","cytotoxicity",NA,NA,"Class 1"
165,9.032729577,19.18328576,"BSK_3C_uPAR","regulation of gene expression","cytokine","plasmogen activator","plasminogen activator, urokinase receptor","plasminogen activator, urokinase receptor","Class 1"
171,6.060848844,14.98061679,"BSK_4H_Eotaxin3","regulation of gene expression","cytokine","chemotactic factor","chemokine (C-C motif) ligand 26","chemokine (C-C motif) ligand 26","Class 1"
173,5.30162949,8.219365602,"BSK_4H_MCP1","regulation of gene expression","cytokine","chemotactic factor","chemokine (C-C motif) ligand 2","chemokine (C-C motif) ligand 2","Class 1"
175,2.466795936,10.67756276,"BSK_4H_Pselectin","regulation of gene expression","cell adhesion molecules","selectins","selectin P (granule membrane protein 140kDa, antigen CD62)","selectin P (granule membrane protein 140kDa, antigen CD62)","Class 1"
177,10.58731536,29.73040008,"BSK_4H_SRB","cell death","cell cycle","cytotoxicity",NA,NA,"Class 1"
179,10.33790449,21.69623561,"BSK_4H_uPAR","regulation of gene expression","cytokine","plasmogen activator","plasminogen activator, urokinase receptor","plasminogen activator, urokinase receptor","Class 1"
181,8.441207306,27.65124461,"BSK_4H_VCAM1","regulation of gene expression","cell adhesion molecules","Immunoglobulin CAM","vascular cell adhesion molecule 1","vascular cell adhesion molecule 1","Class 1"
185,17.92451558,11.76965049,"BSK_BE3C_HLADR","regulation of gene expression","cell adhesion molecules","MHC Class II","major histocompatibility complex, class II, DR alpha","major histocompatibility complex, class II, DR alpha","Class 1"
187,3.563063414,13.4295333,"BSK_BE3C_IL1a","regulation of gene expression","cytokine","interleukins","interleukin 1, alpha","interleukin 1, alpha","Class 1"
189,16.59033338,10.92116893,"BSK_BE3C_IP10","regulation of gene expression","cytokine","chemotactic factor","chemokine (C-X-C motif) ligand 10","chemokine (C-X-C motif) ligand 10","Class 1"
195,0.236096703,11.31272788,"BSK_BE3C_PAI1","regulation of gene expression","cytokine","plasmogen activator inhibitor","serpin peptidase inhibitor, clade E (nexin, plasminogen activator inhibitor type 1), member 1","serpin peptidase inhibitor, clade E (nexin, plasminogen activator inhibitor type 1), member 1","Class 1"
205,5.054276473,13.95031739,"BSK_BE3C_uPAR","regulation of gene expression","cytokine","plasmogen activator","plasminogen activator, urokinase receptor","plasminogen activator, urokinase receptor","Class 1"
214,8.875011841,NA,"BSK_CASM3C_LDLR","regulation of gene expression","misc protein","LDL receptor","low density lipoprotein receptor","low density lipoprotein receptor","Class 1"
229,8.64038911,NA,"BSK_CASM3C_TissueFactor","regulation of gene expression","cytokine","coagulation factor","coagulation factor III (thromboplastin, tissue factor)","coagulation factor III (thromboplastin, tissue factor)","Class 1"
241,0.012261274,7.470179043,"BSK_hDFCGF_IP10","regulation of gene expression","cytokine","chemotactic factor","chemokine (C-X-C motif) ligand 10","chemokine (C-X-C motif) ligand 10","Class 1"
243,0.152464778,8.810476957,"BSK_hDFCGF_MCSF","regulation of gene expression","cytokine","colony stimulating factor","colony stimulating factor 1 (macrophage)","colony stimulating factor 1 (macrophage)","Class 1"
251,10.07290574,5.282055383,"BSK_hDFCGF_Proliferation","cell proliferation","cell cycle","cytotoxicity",NA,NA,"Class 1"
257,0.175618669,8.783011756,"BSK_hDFCGF_VCAM1","regulation of gene expression","cell adhesion molecules","Immunoglobulin CAM","vascular cell adhesion molecule 1","vascular cell adhesion molecule 1","Class 1"
261,0.743046909,13.40870282,"BSK_KF3CT_IL1a","regulation of gene expression","cytokine","interleukins","interleukin 1, alpha","interleukin 1, alpha","Class 1"
264,2.103648486,NA,"BSK_KF3CT_IP10","regulation of gene expression","cytokine","chemotactic factor","chemokine (C-X-C motif) ligand 10","chemokine (C-X-C motif) ligand 10","Class 1"
267,4.532905032,9.242021041,"BSK_KF3CT_MMP9","regulation of gene expression","protease","matrix metalloproteinase","matrix metallopeptidase 9 (gelatinase B, 92kDa gelatinase, 92kDa type IV collagenase)","matrix metallopeptidase 9 (gelatinase B, 92kDa gelatinase, 92kDa type IV collagenase)","Class 1"
271,0.004514242,17.42657597,"BSK_KF3CT_TGFb1","regulation of gene expression","growth factor","transforming growth factor beta","transforming growth factor, beta 1","transforming growth factor, beta 1","Class 1"
275,0.03792525,9.199613482,"BSK_KF3CT_uPA","regulation of gene expression","protease","serine protease","plasminogen activator, urokinase","plasminogen activator, urokinase","Class 1"
277,9.611886761,12.37884587,"BSK_LPS_CD40","regulation of gene expression","cytokine","inflammatory factor","CD40 molecule, TNF receptor superfamily member 5","CD40 molecule, TNF receptor superfamily member 5","Class 1"
290,0.298981776,NA,"BSK_LPS_PGE2","regulation of gene expression","gpcr","rhodopsin-like receptor","prostaglandin E receptor 2 (subtype EP2), 53kDa","prostaglandin E receptor 2 (subtype EP2), 53kDa","Class 1"
293,11.66547787,34.44372139,"BSK_LPS_TissueFactor","regulation of gene expression","cytokine","coagulation factor","coagulation factor III (thromboplastin, tissue factor)","coagulation factor III (thromboplastin, tissue factor)","Class 1"
299,22.57361637,16.43279363,"BSK_SAg_CD38","regulation of gene expression","cytokine","other cytokine","CD38 molecule","CD38 molecule","Class 1"
301,16.26363391,11.37923021,"BSK_SAg_CD40","regulation of gene expression","cytokine","inflammatory factor","CD40 molecule, TNF receptor superfamily member 5","CD40 molecule, TNF receptor superfamily member 5","Class 1"
303,17.87479548,25.8684941,"BSK_SAg_CD69","regulation of gene expression","cytokine","inflammatory factor","CD69 molecule","CD69 molecule","Class 1"
305,18.36516388,33.76802246,"BSK_SAg_Eselectin","regulation of gene expression","cell adhesion molecules","selectins","selectin E","selectin E","Class 1"
307,23.34595098,35.50823924,"BSK_SAg_IL8","regulation of gene expression","cytokine","interleukins","chemokine (C-X-C motif) ligand 8","chemokine (C-X-C motif) ligand 8","Class 1"
309,16.43789727,25.10200337,"BSK_SAg_MCP1","regulation of gene expression","cytokine","chemotactic factor","chemokine (C-C motif) ligand 2","chemokine (C-C motif) ligand 2","Class 1"
315,21.49979256,10.86316172,"BSK_SAg_Proliferation","cell proliferation","cell cycle","cytotoxicity",NA,NA,"Class 1"
786,58.52321528,35.74247316,"TOX21_ERa_BLA_Antagonist_ratio","regulation of transcription factor activity","nuclear receptor","steroidal","estrogen receptor 1","estrogen receptor 1","Class 1"
797,55.03672746,13.38560975,"TOX21_MMP_ratio","mitochondrial depolarization","cell morphology","organelle conformation",NA,NA,"Class 1"
801,0.066522744,0.021030467,"TOX21_PPARg_BLA_Agonist_ch2","regulation of transcription factor activity","background measurement","baseline control",NA,NA,"Class 1"
802,0.00771152,0.02500639,"TOX21_PPARg_BLA_Agonist_ratio","regulation of transcription factor activity","nuclear receptor","non-steroidal","peroxisome proliferator-activated receptor gamma","peroxisome proliferator-activated receptor gamma","Class 1"
804,77.51376168,20.95838092,"TOX21_TR_LUC_GH3_Antagonist","regulation of transcription factor activity","nuclear receptor","non-steroidal","thyroid hormone receptor, beta|thyroid hormone receptor, alpha","thyroid hormone receptor, beta|thyroid hormone receptor, alpha","Class 1"
1109,30.97162047,5.190176443,"TOX21_ARE_BLA_Agonist_ch2","regulation of transcription factor activity","background measurement","baseline control",NA,NA,"Class 1"
1110,47.81288947,7.965018813,"TOX21_ARE_BLA_Agonist_ratio","regulation of transcription factor activity","dna binding","basic leucine zipper","nuclear factor, erythroid 2-like 2","nuclear factor, erythroid 2-like 2","Class 1"
1123,7.001297293,126.4911057,"TOX21_PPARd_BLA_Agonist_ch2","regulation of transcription factor activity","background measurement","baseline control",NA,NA,"Class 1"
1124,25.88400635,NA,"TOX21_PPARd_BLA_Agonist_ratio","regulation of transcription factor activity","nuclear receptor","non-steroidal","peroxisome proliferator-activated receptor delta","peroxisome proliferator-activated receptor delta","Class 1"
1130,26.30802628,NA,"TOX21_VDR_BLA_Agonist_ch2","regulation of transcription factor activity","background measurement","baseline control",NA,NA,"Class 1"
1189,14.16845053,NA,"TOX21_ERa_BLA_Antagonist_ch1","regulation of transcription factor activity","background measurement","baseline control",NA,NA,"Class 1"
1425,57.19845455,NA,"ATG_FoxA2_CIS","regulation of transcription factor activity","dna binding","forkhead box protein",NA,NA,"Class 1"
64,NA,8.054327828,"ATG_AP_1_CIS","regulation of transcription factor activity","dna binding","basic leucine zipper","jun proto-oncogene|FBJ murine osteosarcoma viral oncogene homolog","jun proto-oncogene|FBJ murine osteosarcoma viral oncogene homolog","Class 2"
68,NA,8.671723711,"ATG_CMV_CIS","regulation of transcription factor activity","background measurement","internal marker",NA,NA,"Class 2"
72,NA,6.553689197,"ATG_E_Box_CIS","regulation of transcription factor activity","dna binding","basic helix-loop-helix protein","upstream transcription factor 1","upstream transcription factor 1","Class 2"
91,NA,16.34800695,"ATG_MRE_CIS","regulation of transcription factor activity","dna binding","zinc finger","metal-regulatory transcription factor 1","metal-regulatory transcription factor 1","Class 2"
117,NA,5.416253616,"ATG_ERa_TRANS","regulation of transcription factor activity","nuclear receptor","steroidal","estrogen receptor 1","estrogen receptor 1","Class 2"
149,NA,33.49898088,"BSK_3C_ICAM1","regulation of gene expression","cell adhesion molecules","Immunoglobulin CAM","intercellular adhesion molecule 1","intercellular adhesion molecule 1","Class 2"
151,NA,13.22527192,"BSK_3C_IL8","regulation of gene expression","cytokine","interleukins","chemokine (C-X-C motif) ligand 8","chemokine (C-X-C motif) ligand 8","Class 2"
155,NA,18.44152484,"BSK_3C_MIG","regulation of gene expression","cytokine","chemotactic factor","chemokine (C-X-C motif) ligand 9","chemokine (C-X-C motif) ligand 9","Class 2"
159,NA,16.04839216,"BSK_3C_SRB","cell death","cell cycle","cytotoxicity",NA,NA,"Class 2"
163,NA,35.33435078,"BSK_3C_TissueFactor","regulation of gene expression","cytokine","coagulation factor","coagulation factor III (thromboplastin, tissue factor)","coagulation factor III (thromboplastin, tissue factor)","Class 2"
167,NA,28.12037198,"BSK_3C_VCAM1","regulation of gene expression","cell adhesion molecules","Immunoglobulin CAM","vascular cell adhesion molecule 1","vascular cell adhesion molecule 1","Class 2"
169,NA,11.90493488,"BSK_3C_Vis","cell morphology","cell morphology","cell conformation",NA,NA,"Class 2"
191,NA,15.11566654,"BSK_BE3C_MIG","regulation of gene expression","cytokine","chemotactic factor","chemokine (C-X-C motif) ligand 9","chemokine (C-X-C motif) ligand 9","Class 2"
193,NA,33.26097875,"BSK_BE3C_MMP1","regulation of gene expression","protease","matrix metalloproteinase","matrix metallopeptidase 1 (interstitial collagenase)","matrix metallopeptidase 1 (interstitial collagenase)","Class 2"
197,NA,22.23188567,"BSK_BE3C_SRB","cell death","cell cycle","cytotoxicity",NA,NA,"Class 2"
199,NA,12.04700797,"BSK_BE3C_TGFb1","regulation of gene expression","growth factor","transforming growth factor beta","transforming growth factor, beta 1","transforming growth factor, beta 1","Class 2"
201,NA,8.72952935,"BSK_BE3C_tPA","regulation of gene expression","protease","serine protease","plasminogen activator, tissue","plasminogen activator, tissue","Class 2"
203,NA,11.87253124,"BSK_BE3C_uPA","regulation of gene expression","protease","serine protease","plasminogen activator, urokinase","plasminogen activator, urokinase","Class 2"
221,NA,5.408075063,"BSK_CASM3C_Proliferation","cell proliferation","cell cycle","cytotoxicity",NA,NA,"Class 2"
228,NA,4.579974356,"BSK_CASM3C_Thrombomodulin","regulation of gene expression","gpcr","rhodopsin-like receptor","thrombomodulin","thrombomodulin","Class 2"
235,NA,11.4438682,"BSK_hDFCGF_CollagenIII","regulation of gene expression","cell adhesion molecules","collagen","collagen, type III, alpha 1","collagen, type III, alpha 1","Class 2"
237,NA,6.200270603,"BSK_hDFCGF_EGFR","regulation of gene expression","kinase","receptor tyrosine kinase","epidermal growth factor receptor","epidermal growth factor receptor","Class 2"
239,NA,22.27702511,"BSK_hDFCGF_IL8","regulation of gene expression","cytokine","interleukins","chemokine (C-X-C motif) ligand 8","chemokine (C-X-C motif) ligand 8","Class 2"
245,NA,11.87707858,"BSK_hDFCGF_MIG","regulation of gene expression","cytokine","chemotactic factor","chemokine (C-X-C motif) ligand 9","chemokine (C-X-C motif) ligand 9","Class 2"
247,NA,20.422036,"BSK_hDFCGF_MMP1","regulation of gene expression","protease","matrix metalloproteinase","matrix metallopeptidase 1 (interstitial collagenase)","matrix metallopeptidase 1 (interstitial collagenase)","Class 2"
249,NA,6.764764119,"BSK_hDFCGF_PAI1","regulation of gene expression","cytokine","plasmogen activator inhibitor","serpin peptidase inhibitor, clade E (nexin, plasminogen activator inhibitor type 1), member 1","serpin peptidase inhibitor, clade E (nexin, plasminogen activator inhibitor type 1), member 1","Class 2"
253,NA,14.46441164,"BSK_hDFCGF_SRB","cell death","cell cycle","cytotoxicity",NA,NA,"Class 2"
255,NA,10.71956148,"BSK_hDFCGF_TIMP1","regulation of gene expression","protease inhibitor","metalloproteinase inhibitor","TIMP metallopeptidase inhibitor 1","TIMP metallopeptidase inhibitor 1","Class 2"
259,NA,10.80784047,"BSK_KF3CT_ICAM1","regulation of gene expression","cell adhesion molecules","Immunoglobulin CAM","intercellular adhesion molecule 1","intercellular adhesion molecule 1","Class 2"
263,NA,8.375512935,"BSK_KF3CT_IP10","regulation of gene expression","cytokine","chemotactic factor","chemokine (C-X-C motif) ligand 10","chemokine (C-X-C motif) ligand 10","Class 2"
265,NA,10.76066345,"BSK_KF3CT_MCP1","regulation of gene expression","cytokine","chemotactic factor","chemokine (C-C motif) ligand 2","chemokine (C-C motif) ligand 2","Class 2"
269,NA,10.6873792,"BSK_KF3CT_SRB","cell death","cell cycle","cytotoxicity",NA,NA,"Class 2"
273,NA,13.65572345,"BSK_KF3CT_TIMP2","regulation of gene expression","protease inhibitor","metalloproteinase inhibitor","TIMP metallopeptidase inhibitor 2","TIMP metallopeptidase inhibitor 2","Class 2"
279,NA,15.83815736,"BSK_LPS_Eselectin","regulation of gene expression","cell adhesion molecules","selectins","selectin E","selectin E","Class 2"
281,NA,35.38417102,"BSK_LPS_IL1a","regulation of gene expression","cytokine","interleukins","interleukin 1, alpha","interleukin 1, alpha","Class 2"
283,NA,36.47174857,"BSK_LPS_IL8","regulation of gene expression","cytokine","interleukins","chemokine (C-X-C motif) ligand 8","chemokine (C-X-C motif) ligand 8","Class 2"
285,NA,23.23941191,"BSK_LPS_MCP1","regulation of gene expression","cytokine","chemotactic factor","chemokine (C-C motif) ligand 2","chemokine (C-C motif) ligand 2","Class 2"
287,NA,33.04983251,"BSK_LPS_MCSF","regulation of gene expression","cytokine","colony stimulating factor","colony stimulating factor 1 (macrophage)","colony stimulating factor 1 (macrophage)","Class 2"
289,NA,33.83786869,"BSK_LPS_PGE2","regulation of gene expression","gpcr","rhodopsin-like receptor","prostaglandin E receptor 2 (subtype EP2), 53kDa","prostaglandin E receptor 2 (subtype EP2), 53kDa","Class 2"
291,NA,26.63126812,"BSK_LPS_SRB","cell death","cell cycle","cytotoxicity",NA,NA,"Class 2"
295,NA,35.55214409,"BSK_LPS_TNFa","regulation of gene expression","cytokine","inflammatory factor","tumor necrosis factor","tumor necrosis factor","Class 2"
297,NA,14.08150697,"BSK_LPS_VCAM1","regulation of gene expression","cell adhesion molecules","Immunoglobulin CAM","vascular cell adhesion molecule 1","vascular cell adhesion molecule 1","Class 2"
311,NA,14.91375535,"BSK_SAg_MIG","regulation of gene expression","cytokine","chemotactic factor","chemokine (C-X-C motif) ligand 9","chemokine (C-X-C motif) ligand 9","Class 2"
313,NA,25.39044518,"BSK_SAg_PBMCCytotoxicity","cell death","cell cycle","proliferation",NA,NA,"Class 2"
317,NA,25.12218802,"BSK_SAg_SRB","cell death","cell cycle","cytotoxicity",NA,NA,"Class 2"
762,NA,33.43771355,"TOX21_AR_BLA_Antagonist_ratio","regulation of transcription factor activity","nuclear receptor","steroidal","androgen receptor","androgen receptor","Class 2"
763,NA,35.74939862,"TOX21_AR_BLA_Antagonist_viability","cell proliferation","cell cycle","cytotoxicity",NA,NA,"Class 2"
765,NA,60.71819509,"TOX21_AR_LUC_MDAKB2_Antagonist","regulation of transcription factor activity","nuclear receptor","steroidal","androgen receptor","androgen receptor","Class 2"
767,NA,25.83148699,"TOX21_Aromatase_Inhibition","regulation of transcription factor activity","cyp","steroidogenesis-related","cytochrome P450, family 19, subfamily A, polypeptide 1","cytochrome P450, family 19, subfamily A, polypeptide 1","Class 2"
789,NA,62.40219086,"TOX21_ERa_LUC_BG1_Antagonist","regulation of transcription factor activity","nuclear receptor","steroidal","estrogen receptor 1","estrogen receptor 1","Class 2"
794,NA,35.64557921,"TOX21_GR_BLA_Antagonist_ratio","regulation of transcription factor activity","nuclear receptor","steroidal","nuclear receptor subfamily 3, group C, member 1 (glucocorticoid receptor)","nuclear receptor subfamily 3, group C, member 1 (glucocorticoid receptor)","Class 2"
1113,NA,56.53780906,"TOX21_HSE_BLA_Agonist_ratio","regulation of transcription factor activity","dna binding","heat shock protein","heat shock transcription factor 1","heat shock transcription factor 1","Class 2"
1114,NA,42.51328087,"TOX21_p53_BLA_p1_ch1","regulation of transcription factor activity","background measurement","baseline control",NA,NA,"Class 2"
1116,NA,39.72040848,"TOX21_p53_BLA_p1_ratio","regulation of transcription factor activity","dna binding","tumor suppressor","tumor protein p53","tumor protein p53","Class 2"
1118,NA,30.65109385,"TOX21_FXR_BLA_Agonist_ch2","regulation of transcription factor activity","background measurement","baseline control",NA,NA,"Class 2"
1120,NA,71.09270995,"TOX21_FXR_BLA_Antagonist_ratio","regulation of transcription factor activity","nuclear receptor","non-steroidal","nuclear receptor subfamily 1, group H, member 4","nuclear receptor subfamily 1, group H, member 4","Class 2"
1187,NA,54.80621258,"TOX21_p53_BLA_p1_viability","cell proliferation","cell cycle","cytotoxicity",NA,NA,"Class 2"
1191,NA,252.9822033,"TOX21_FXR_BLA_Antagonist_ch1","regulation of transcription factor activity","background measurement","baseline control",NA,NA,"Class 2"
1194,NA,42.06895939,"TOX21_GR_BLA_Antagonist_ch2","regulation of transcription factor activity","background measurement","baseline control",NA,NA,"Class 2"
1315,NA,21.15964552,"TOX21_p53_BLA_p2_ch1","regulation of transcription factor activity","background measurement","baseline control",NA,NA,"Class 2"
1316,NA,15.0270593,"TOX21_p53_BLA_p2_ch2","regulation of transcription factor activity","background measurement","baseline control",NA,NA,"Class 2"
1317,NA,15.39060796,"TOX21_p53_BLA_p2_ratio","regulation of transcription factor activity","dna binding","tumor suppressor","tumor protein p53","tumor protein p53","Class 2"
1318,NA,65.64822068,"TOX21_p53_BLA_p2_viability","cell proliferation","cell cycle","cytotoxicity",NA,NA,"Class 2"
1319,NA,26.02151125,"TOX21_p53_BLA_p3_ch1","regulation of transcription factor activity","background measurement","baseline control",NA,NA,"Class 2"
1320,NA,19.49879019,"TOX21_p53_BLA_p3_ch2","regulation of transcription factor activity","background measurement","baseline control",NA,NA,"Class 2"
1321,NA,25.56678378,"TOX21_p53_BLA_p3_ratio","regulation of transcription factor activity","dna binding","tumor suppressor","tumor protein p53","tumor protein p53","Class 2"
1322,NA,73.66616016,"TOX21_p53_BLA_p3_viability","cell proliferation","cell cycle","cytotoxicity",NA,NA,"Class 2"
1323,NA,24.61982001,"TOX21_p53_BLA_p4_ch1","regulation of transcription factor activity","background measurement","baseline control",NA,NA,"Class 2"
1324,NA,40.91353543,"TOX21_p53_BLA_p4_ch2","regulation of transcription factor activity","background measurement","baseline control",NA,NA,"Class 2"
1325,NA,28.02818034,"TOX21_p53_BLA_p4_ratio","regulation of transcription factor activity","dna binding","tumor suppressor","tumor protein p53","tumor protein p53","Class 2"
1326,NA,60.36968923,"TOX21_p53_BLA_p4_viability","cell proliferation","cell cycle","cytotoxicity",NA,NA,"Class 2"
1327,NA,53.35475077,"TOX21_p53_BLA_p5_ch1","regulation of transcription factor activity","background measurement","baseline control",NA,NA,"Class 2"
1328,NA,35.35125842,"TOX21_p53_BLA_p5_ch2","regulation of transcription factor activity","background measurement","baseline control",NA,NA,"Class 2"
1329,NA,25.41618954,"TOX21_p53_BLA_p5_ratio","regulation of transcription factor activity","dna binding","tumor suppressor","tumor protein p53","tumor protein p53","Class 2"
1330,NA,73.76128505,"TOX21_p53_BLA_p5_viability","cell proliferation","cell cycle","cytotoxicity",NA,NA,"Class 2"
1412,NA,5.911178742,"ATG_DR4_LXR_CIS","regulation of transcription factor activity","nuclear receptor","non-steroidal",NA,NA,"Class 2"
1414,NA,6.565116963,"ATG_E2F_CIS","regulation of transcription factor activity","dna binding","E2F transcription factor",NA,NA,"Class 2"
1496,NA,16.36331592,"ATG_TCF_b_cat_CIS","regulation of transcription factor activity","dna binding","HMG box protein",NA,NA,"Class 2"
