EC50,Cmax(micromolar),Target(Assay),Target,Activn,ActivnScore
0.008004455,1.374712644,estrogen receptor 1 (75),estrogen receptor 1 ,high,0.99
57.19845455,1.374712644,forkhead box protein (1425),forkhead box protein ,low,-40.61
17.82102399,1.374712644,"nuclear factor, erythroid 2-like 2 (97)","nuclear factor, erythroid 2-like 2 ",low,-11.96
31.51336902,1.374712644,"nuclear receptor subfamily 1, group H, member 4 (120)","nuclear receptor subfamily 1, group H, member 4 ",low,-21.92
5.428708668,1.374712644,"nuclear receptor subfamily 1, group I, member 2 (103)","nuclear receptor subfamily 1, group I, member 2 ",medium,-2.95
49.76330104,1.374712644,"nuclear receptor subfamily 1, group I, member 3 (101)","nuclear receptor subfamily 1, group I, member 3 ",low,-35.2
4.697654669,1.374712644,peroxisome proliferator-activated receptor alpha (132),peroxisome proliferator-activated receptor alpha ,medium,-2.42
25.88400635,1.374712644,peroxisome proliferator-activated receptor delta (1124),peroxisome proliferator-activated receptor delta ,low,-17.83
0.00771152,1.374712644,peroxisome proliferator-activated receptor gamma (802),peroxisome proliferator-activated receptor gamma ,high,0.99
0.008,1.374712644,peroxisome proliferator-activated receptors (102),peroxisome proliferator-activated receptors ,high,0.99
7.419017584,1.374712644,RAR-related orphan receptor (104),RAR-related orphan receptor ,low,-4.4
5.550492959,1.374712644,sterol regulatory element binding transcription factor 1 (107),sterol regulatory element binding transcription factor 1 ,medium,-3.04
77.51376168,1.374712644,thyroid hormone receptor (804),thyroid hormone receptor ,low,-55.39
30.97162047,1.374712644,TOX21_ARE_BLA_Agonist_ch2 (1109),TOX21_ARE_BLA_Agonist_ch2,low,-21.53
14.16845053,1.374712644,TOX21_ERa_BLA_Antagonist_ch1 (1189),TOX21_ERa_BLA_Antagonist_ch1,low,-9.31
7.001297293,1.374712644,TOX21_PPARd_BLA_Agonist_ch2 (1123),TOX21_PPARd_BLA_Agonist_ch2,low,-4.09
0.066522744,1.374712644,TOX21_PPARg_BLA_Agonist_ch2 (801),TOX21_PPARg_BLA_Agonist_ch2,high,0.95
26.30802628,1.374712644,TOX21_VDR_BLA_Agonist_ch2 (1130),TOX21_VDR_BLA_Agonist_ch2,low,-18.14
16.84774325,1.374712644,"vitamin D (1,25- dihydroxyvitamin D3) receptor (113)","vitamin D (1,25- dihydroxyvitamin D3) receptor ",low,-11.26
