"EC50","Cmax(micromolar)","Target(Assay)","Target","Activn","ActivnScore"
0.004514242,1.374712644,"transforming growth factor, beta 1  (271)","transforming growth factor, beta 1","high",1
0.012261274,1.374712644,"chemokine (C-X-C motif) ligand 10 (241)","chemokine (C-X-C motif) ligand 10 ","high",0.99
0.03792525,1.374712644,"plasminogen activator, urokinase (275)","plasminogen activator, urokinase ","high",0.97
0.152464778,1.374712644,"colony stimulating factor 1 (243)","colony stimulating factor 1 ","high",0.89
0.175618669,1.374712644,"vascular cell adhesion molecule 1 (257)","vascular cell adhesion molecule 1 ","high",0.87
0.236096703,1.374712644,"plasminogen activator inhibitor type 1 (195)","plasminogen activator inhibitor type 1 ","high",0.83
0.298981776,1.374712644,"prostaglandin E receptor 2 (290)","prostaglandin E receptor 2","high",0.78
0.743046909,1.374712644,"interleukin 1, alpha (261)","interleukin 1, alpha ","high",0.46
0.761426663,1.374712644,"chemokine (C-C motif) ligand 2 (153)","chemokine (C-C motif) ligand 2 ","high",0.45
2.103648486,1.374712644,"chemokine (C-X-C motif) ligand 10 (264)","chemokine (C-X-C motif) ligand 10 ","medium",-0.53
2.466795936,1.374712644,"selectin P (175)","selectin P ","medium",-0.79
3.563063414,1.374712644,"interleukin 1, alpha (187)","interleukin 1, alpha ","medium",-1.59
4.532905032,1.374712644,"matrix metallopeptidase 9 (267)","matrix metallopeptidase 9 ","medium",-2.3
5.054276473,1.374712644,"plasminogen activator, urokinase receptor (205)","plasminogen activator, urokinase receptor ","medium",-2.68
5.30162949,1.374712644,"chemokine (C-C motif) ligand 2 (173)","chemokine (C-C motif) ligand 2 ","medium",-2.86
6.060848844,1.374712644,"chemokine (C-C motif) ligand 26 (171)","chemokine (C-C motif) ligand 26 ","medium",-3.41
8.441207306,1.374712644,"vascular cell adhesion molecule 1 (181)","vascular cell adhesion molecule 1 ","low",-5.14
8.64038911,1.374712644,"coagulation factor III (thromboplastin, tissue factor) (229)","coagulation factor III ","low",-5.29
8.875011841,1.374712644,"low density lipoprotein receptor (214)","low density lipoprotein receptor ","low",-5.46
9.032729577,1.374712644,"plasminogen activator, urokinase receptor (165)","plasminogen activator, urokinase receptor ","low",-5.57
9.611886761,1.374712644,"CD40 molecule (277)","CD40 molecule ","low",-5.99
10.33790449,1.374712644,"plasminogen activator, urokinase receptor (179)","plasminogen activator, urokinase receptor ","low",-6.52
11.66547787,1.374712644,"coagulation factor III (thromboplastin, tissue factor) (293)","coagulation factor III ","low",-7.49
16.26363391,1.374712644,"CD40 molecule (301)","CD40 molecule ","low",-10.83
16.43789727,1.374712644,"chemokine (C-C motif) ligand 2 (309)","chemokine (C-C motif) ligand 2 ","low",-10.96
16.59033338,1.374712644,"chemokine (C-X-C motif) ligand 10 (189)","chemokine (C-X-C motif) ligand 10 ","low",-11.07
17.53876419,1.374712644,"selectin E (145)","selectin E ","low",-11.76
17.87479548,1.374712644,"CD69 molecule (303)","CD69 molecule ","low",-12
17.92451558,1.374712644,"MHC Class II (185)","major histocompatibility complex, class II","low",-12.04
18.36516388,1.374712644,"selectin E (305)","selectin E ","low",-12.36
19.7887905,1.374712644,"MHC Class II (147)","major histocompatibility complex, class II","low",-13.39
22.57361637,1.374712644,"CD38 molecule (299)","CD38 molecule ","low",-15.42
23.34595098,1.374712644,"chemokine (C-X-C motif) ligand 8 (307)","chemokine (C-X-C motif) ligand 8 ","low",-15.98
