EC50,Cmax(micromolar),AssayTarget,Target,Activn,ActivnScore
33.43771355,6.387315968,androgen receptor (762),androgen receptor ,low,-4.24
5.911178742,6.387315968,ATG_DR4_LXR_CIS (1412),ATG_DR4_LXR_CIS ,high,0.07
25.83148699,6.387315968,"cytochrome P450, family 19, subfamily A, polypeptide 1 (767)","cytochrome P450, family 19, subfamily A, polypeptide 1 ",medium,-3.04
6.565116963,6.387315968,E2F transcription factor (1414),E2F transcription factor ,medium,-0.03
0.226236146,6.387315968,estrogen receptor 1 (75),estrogen receptor 1 ,high,0.96
35.64557921,6.387315968,glucocorticoid receptor (794),glucocorticoid receptor ,low,-4.58
56.53780906,6.387315968,heat shock transcription factor 1 (1113),heat shock transcription factor 1 ,low,-7.85
16.36331592,6.387315968,HMG box protein (1496),HMG box protein ,medium,-1.56
8.671723711,6.387315968,internal marker (68),internal marker ,medium,-0.36
8.054327828,6.387315968,jun proto-oncogene (64),jun proto-oncogene ,medium,-0.26
16.34800695,6.387315968,metal-regulatory transcription factor 1 (91),metal-regulatory transcription factor 1 ,medium,-1.56
7.965018813,6.387315968,"nuclear factor, erythroid 2-like 2 (1110)","nuclear factor, erythroid 2-like 2 ",medium,-0.25
16.22386989,6.387315968,"nuclear receptor subfamily 1, group H, member 4 (120)","nuclear receptor subfamily 1, group H, member 4 ",medium,-1.54
1.785344354,6.387315968,"nuclear receptor subfamily 1, group I, member 2 (103)","nuclear receptor subfamily 1, group I, member 2 ",high,0.72
0.02500639,6.387315968,peroxisome proliferator-activated receptor gamma (802),peroxisome proliferator-activated receptor gamma ,high,1
0.083522066,6.387315968,peroxisome proliferator-activated receptors (102),peroxisome proliferator-activated receptors ,high,0.99
9.032370379,6.387315968,RAR-related orphan receptor (104),RAR-related orphan receptor ,medium,-0.41
2.051166744,6.387315968,sterol regulatory element binding transcription factor 1 (107),sterol regulatory element binding transcription factor 1 ,high,0.68
20.95838092,6.387315968,thyroid hormone receptor (804),thyroid hormone receptor ,medium,-2.28
5.190176443,6.387315968,TOX21_ARE_BLA_Agonist_ch2 (1109),TOX21_ARE_BLA_Agonist_ch2,high,0.19
30.65109385,6.387315968,TOX21_FXR_BLA_Agonist_ch2 (1118),TOX21_FXR_BLA_Agonist_ch2 ,medium,-3.8
252.9822033,6.387315968,TOX21_FXR_BLA_Antagonist_ch1 (1191),TOX21_FXR_BLA_Antagonist_ch1 ,low,-38.61
42.06895939,6.387315968,TOX21_GR_BLA_Antagonist_ch2 (1194),TOX21_GR_BLA_Antagonist_ch2 ,low,-5.59
42.51328087,6.387315968,TOX21_p53_BLA_p1_ch1 (1114),TOX21_p53_BLA_p1_ch1 ,low,-5.66
21.15964552,6.387315968,TOX21_p53_BLA_p2_ch1 (1315),TOX21_p53_BLA_p2_ch1 ,medium,-2.31
15.0270593,6.387315968,TOX21_p53_BLA_p2_ch2 (1316),TOX21_p53_BLA_p2_ch2 ,medium,-1.35
26.02151125,6.387315968,TOX21_p53_BLA_p3_ch1 (1319),TOX21_p53_BLA_p3_ch1 ,medium,-3.07
19.49879019,6.387315968,TOX21_p53_BLA_p3_ch2 (1320),TOX21_p53_BLA_p3_ch2 ,medium,-2.05
24.61982001,6.387315968,TOX21_p53_BLA_p4_ch1 (1323),TOX21_p53_BLA_p4_ch1 ,medium,-2.85
40.91353543,6.387315968,TOX21_p53_BLA_p4_ch2 (1324),TOX21_p53_BLA_p4_ch2 ,low,-5.41
53.35475077,6.387315968,TOX21_p53_BLA_p5_ch1 (1327),TOX21_p53_BLA_p5_ch1 ,low,-7.35
35.35125842,6.387315968,TOX21_p53_BLA_p5_ch2 (1328),TOX21_p53_BLA_p5_ch2 ,low,-4.53
126.4911057,6.387315968,TOX21_PPARd_BLA_Agonist_ch2 (1123),TOX21_PPARd_BLA_Agonist_ch2,low,-18.8
0.021030467,6.387315968,TOX21_PPARg_BLA_Agonist_ch2 (801),TOX21_PPARg_BLA_Agonist_ch2,high,1
15.39060796,6.387315968,tumor protein p53 (1317),tumor protein p53 ,medium,-1.41
6.553689197,6.387315968,upstream transcription factor 1 (72),upstream transcription factor 1 ,medium,-0.03
8.285799358,6.387315968,"vitamin D (1,25- dihydroxyvitamin D3) receptor (113)","vitamin D (1,25- dihydroxyvitamin D3) receptor ",medium,-0.3
