EC50,Cmax(micromolar),Target(Assay),Target,Activn,ActivnScore
16.43279363,6.387315968,CD38 molecule (299),CD38 molecule ,medium,-1.57
11.37923021,6.387315968,CD40 molecule (301),CD40 molecule ,medium,-0.78
25.8684941,6.387315968,CD69 molecule (303),CD69 molecule ,medium,-3.05
8.219365602,6.387315968,chemokine (C-C motif) ligand 2 (173),chemokine (C-C motif) ligand 2 ,medium,-0.29
14.98061679,6.387315968,chemokine (C-C motif) ligand 26 (171),chemokine (C-C motif) ligand 26 ,medium,-1.35
7.470179043,6.387315968,chemokine (C-X-C motif) ligand 10 (241),chemokine (C-X-C motif) ligand 10 ,medium,-0.17
13.22527192,6.387315968,chemokine (C-X-C motif) ligand 8 (151),chemokine (C-X-C motif) ligand 8 ,medium,-1.07
11.87707858,6.387315968,chemokine (C-X-C motif) ligand 9 (245),chemokine (C-X-C motif) ligand 9 ,medium,-0.86
34.44372139,6.387315968,"coagulation factor III (thromboplastin, tissue factor) (293)",coagulation factor III ,low,-4.39
11.4438682,6.387315968,"collagen, type III, alpha 1 (235)","collagen, type III, alpha 1 ",medium,-0.79
8.810476957,6.387315968,colony stimulating factor 1 (243),colony stimulating factor 1 ,medium,-0.38
6.200270603,6.387315968,epidermal growth factor (237),epidermal growth factor ,high,0.03
10.80784047,6.387315968,intercellular adhesion molecule 1 (259),intercellular adhesion molecule 1 ,medium,-0.69
13.40870282,6.387315968,"interleukin 1, alpha (261)","interleukin 1, alpha ",medium,-1.1
11.76965049,6.387315968,MHC Class II (185),"major histocompatibility complex, class II",medium,-0.84
20.422036,6.387315968,matrix metallopeptidase 1 (247),matrix metallopeptidase 1 ,medium,-2.2
9.242021041,6.387315968,matrix metallopeptidase 9 (267),matrix metallopeptidase 9 ,medium,-0.45
11.31272788,6.387315968,plasminogen activator inhibitor type 1 (195),plasminogen activator inhibitor type 1 ,medium,-0.77
8.72952935,6.387315968,"plasminogen activator, tissue (201)","plasminogen activator, tissue ",medium,-0.37
9.199613482,6.387315968,"plasminogen activator, urokinase (275)","plasminogen activator, urokinase ",medium,-0.44
13.95031739,6.387315968,"plasminogen activator, urokinase receptor (205)","plasminogen activator, urokinase receptor ",medium,-1.18
33.83786869,6.387315968,prostaglandin E receptor 2 (289),prostaglandin E receptor 2 ,low,-4.3
15.83815736,6.387315968,selectin E (279),selectin E ,medium,-1.48
10.67756276,6.387315968,selectin P (175),selectin P ,medium,-0.67
6.764764119,6.387315968,"serpin peptidase inhibitor, clade E (249)","serpin peptidase inhibitor, clade E ",medium,-0.06
4.579974356,6.387315968,thrombomodulin (228),thrombomodulin ,high,0.28
10.71956148,6.387315968,TIMP metallopeptidase inhibitor 1 (255),TIMP metallopeptidase inhibitor 1,medium,-0.68
13.65572345,6.387315968,TIMP metallopeptidase inhibitor 2 (273),TIMP metallopeptidase inhibitor 2 ,medium,-1.14
17.42657597,6.387315968,"transforming growth factor, beta 1  (271)","transforming growth factor, beta 1",medium,-1.73
35.55214409,6.387315968,tumor necrosis factor (295),tumor necrosis factor ,low,-4.57
8.783011756,6.387315968,vascular cell adhesion molecule 1 (257),vascular cell adhesion molecule 1 ,medium,-0.38
