EC50,Cmax(micromolar),Target(Assay),Target,Activn,ActivnScore
21.37403997,6.387315968,BSK_3C_Proliferation (157),BSK_3C_Proliferation ,medium,-2.35
16.04839216,6.387315968,BSK_3C_SRB (159),BSK_3C_SRB ,medium,-1.51
11.90493488,6.387315968,BSK_3C_Vis (169),BSK_3C_Vis ,medium,-0.86
29.73040008,6.387315968,BSK_4H_SRB (177),BSK_4H_SRB ,medium,-3.65
22.23188567,6.387315968,BSK_BE3C_SRB (197),BSK_BE3C_SRB ,medium,-2.48
5.408075063,6.387315968,BSK_CASM3C_Proliferation (221),BSK_CASM3C_Proliferation ,high,0.15
5.282055383,6.387315968,BSK_hDFCGF_Proliferation (251),BSK_hDFCGF_Proliferation ,high,0.17
14.46441164,6.387315968,BSK_hDFCGF_SRB (253),BSK_hDFCGF_SRB ,medium,-1.26
10.6873792,6.387315968,BSK_KF3CT_SRB (269),BSK_KF3CT_SRB ,medium,-0.67
26.63126812,6.387315968,BSK_LPS_SRB (291),BSK_LPS_SRB ,medium,-3.17
25.39044518,6.387315968,BSK_SAg_PBMCCytotoxicity (313),BSK_SAg_PBMCCytotoxicity ,medium,-2.98
10.86316172,6.387315968,BSK_SAg_Proliferation (315),BSK_SAg_Proliferation ,medium,-0.7
25.12218802,6.387315968,BSK_SAg_SRB (317),BSK_SAg_SRB ,medium,-2.93
35.74939862,6.387315968,TOX21_AR_BLA_Antagonist_viability (763),TOX21_AR_BLA_Antagonist_viability ,low,-4.6
13.38560975,6.387315968,TOX21_MMP_ratio (797),TOX21_MMP_ratio ,medium,-1.1
54.80621258,6.387315968,TOX21_p53_BLA_p1_viability (1187),TOX21_p53_BLA_p1_viability ,low,-7.58
65.64822068,6.387315968,TOX21_p53_BLA_p2_viability (1318),TOX21_p53_BLA_p2_viability ,low,-9.28
73.66616016,6.387315968,TOX21_p53_BLA_p3_viability (1322),TOX21_p53_BLA_p3_viability ,low,-10.53
60.36968923,6.387315968,TOX21_p53_BLA_p4_viability (1326),TOX21_p53_BLA_p4_viability ,low,-8.45
73.76128505,6.387315968,TOX21_p53_BLA_p5_viability (1330),TOX21_p53_BLA_p5_viability ,low,-10.55
