"EC50","Cmax(micromolar)","Target(Assay)","Target","Activn","ActivnScore"
4.579974356,6.387315968,"thrombomodulin (228)","thrombomodulin ","high",0.28
6.200270603,6.387315968,"epidermal growth factor (237)","epidermal growth factor ","high",0.03
6.764764119,6.387315968,"serpin peptidase inhibitor, clade E (249)","serpin peptidase inhibitor, clade E ","medium",-0.06
7.470179043,6.387315968,"chemokine (C-X-C motif) ligand 10 (241)","chemokine (C-X-C motif) ligand 10 ","medium",-0.17
8.219365602,6.387315968,"chemokine (C-C motif) ligand 2 (173)","chemokine (C-C motif) ligand 2 ","medium",-0.29
8.375512935,6.387315968,"chemokine (C-X-C motif) ligand 10 (263)","chemokine (C-X-C motif) ligand 10 ","medium",-0.31
8.72952935,6.387315968,"plasminogen activator, tissue (201)","plasminogen activator, tissue ","medium",-0.37
8.783011756,6.387315968,"vascular cell adhesion molecule 1 (257)","vascular cell adhesion molecule 1 ","medium",-0.38
8.810476957,6.387315968,"colony stimulating factor 1 (243)","colony stimulating factor 1 ","medium",-0.38
9.199613482,6.387315968,"plasminogen activator, urokinase (275)","plasminogen activator, urokinase ","medium",-0.44
9.242021041,6.387315968,"matrix metallopeptidase 9 (267)","matrix metallopeptidase 9 ","medium",-0.45
10.67756276,6.387315968,"selectin P (175)","selectin P ","medium",-0.67
10.71956148,6.387315968,"TIMP metallopeptidase inhibitor 1 (255)","TIMP metallopeptidase inhibitor 1","medium",-0.68
10.76066345,6.387315968,"chemokine (C-C motif) ligand 2 (265)","chemokine (C-C motif) ligand 2 ","medium",-0.68
10.80784047,6.387315968,"intercellular adhesion molecule 1 (259)","intercellular adhesion molecule 1 ","medium",-0.69
10.92116893,6.387315968,"chemokine (C-X-C motif) ligand 10 (189)","chemokine (C-X-C motif) ligand 10 ","medium",-0.71
11.31272788,6.387315968,"plasminogen activator inhibitor type 1 (195)","plasminogen activator inhibitor type 1 ","medium",-0.77
11.37923021,6.387315968,"CD40 molecule (301)","CD40 molecule ","medium",-0.78
11.4438682,6.387315968,"collagen, type III, alpha 1 (235)","collagen, type III, alpha 1 ","medium",-0.79
11.76965049,6.387315968,"MHC Class II (185)","major histocompatibility complex, class II","medium",-0.84
11.87253124,6.387315968,"plasminogen activator, urokinase (203)","plasminogen activator, urokinase ","medium",-0.86
11.87707858,6.387315968,"chemokine (C-X-C motif) ligand 9 (245)","chemokine (C-X-C motif) ligand 9 ","medium",-0.86
12.04700797,6.387315968,"transforming growth factor, beta 1 (199)","transforming growth factor, beta 1 ","medium",-0.89
12.37884587,6.387315968,"CD40 molecule (277)","CD40 molecule ","medium",-0.94
13.22527192,6.387315968,"chemokine (C-X-C motif) ligand 8 (151)","chemokine (C-X-C motif) ligand 8 ","medium",-1.07
13.40870282,6.387315968,"interleukin 1, alpha (261)","interleukin 1, alpha ","medium",-1.1
13.4295333,6.387315968,"interleukin 1, alpha (187)","interleukin 1, alpha ","medium",-1.1
13.65572345,6.387315968,"TIMP metallopeptidase inhibitor 2 (273)","TIMP metallopeptidase inhibitor 2 ","medium",-1.14
13.95031739,6.387315968,"plasminogen activator, urokinase receptor (205)","plasminogen activator, urokinase receptor ","medium",-1.18
14.08150697,6.387315968,"vascular cell adhesion molecule 1 (297)","vascular cell adhesion molecule 1 ","medium",-1.2
14.91375535,6.387315968,"chemokine (C-X-C motif) ligand 9 (311)","chemokine (C-X-C motif) ligand 9 ","medium",-1.33
14.98061679,6.387315968,"chemokine (C-C motif) ligand 26 (171)","chemokine (C-C motif) ligand 26 ","medium",-1.35
15.11566654,6.387315968,"chemokine (C-X-C motif) ligand 9 (191)","chemokine (C-X-C motif) ligand 9 ","medium",-1.37
15.83815736,6.387315968,"selectin E (279)","selectin E ","medium",-1.48
16.43279363,6.387315968,"CD38 molecule (299)","CD38 molecule ","medium",-1.57
17.42657597,6.387315968,"transforming growth factor, beta 1  (271)","transforming growth factor, beta 1","medium",-1.73
18.44152484,6.387315968,"chemokine (C-X-C motif) ligand 9 (155)","chemokine (C-X-C motif) ligand 9 ","medium",-1.89
19.18328576,6.387315968,"plasminogen activator, urokinase receptor (165)","plasminogen activator, urokinase receptor ","medium",-2
20.422036,6.387315968,"matrix metallopeptidase 1 (247)","matrix metallopeptidase 1 ","medium",-2.2
21.69623561,6.387315968,"plasminogen activator, urokinase receptor (179)","plasminogen activator, urokinase receptor ","medium",-2.4
22.27702511,6.387315968,"chemokine (C-X-C motif) ligand 8 (239)","chemokine (C-X-C motif) ligand 8 ","medium",-2.49
22.53607256,6.387315968,"MHC Class II (147)","major histocompatibility complex, class II","medium",-2.53
23.23941191,6.387315968,"chemokine (C-C motif) ligand 2 (285)","chemokine (C-C motif) ligand 2 ","medium",-2.64
23.65642964,6.387315968,"chemokine (C-C motif) ligand 2 (153)","chemokine (C-C motif) ligand 2 ","medium",-2.7
25.10200337,6.387315968,"chemokine (C-C motif) ligand 2 (309)","chemokine (C-C motif) ligand 2 ","medium",-2.93
25.8684941,6.387315968,"CD69 molecule (303)","CD69 molecule ","medium",-3.05
27.65124461,6.387315968,"vascular cell adhesion molecule 1 (181)","vascular cell adhesion molecule 1 ","medium",-3.33
28.12037198,6.387315968,"vascular cell adhesion molecule 1 (167)","vascular cell adhesion molecule 1 ","medium",-3.4
33.04983251,6.387315968,"colony stimulating factor 1 (287)","colony stimulating factor 1 ","low",-4.17
33.26097875,6.387315968,"matrix metallopeptidase 1 (193)","matrix metallopeptidase 1 ","low",-4.21
33.49898088,6.387315968,"intercellular adhesion molecule 1 (149)","intercellular adhesion molecule 1 ","low",-4.24
33.76802246,6.387315968,"selectin E (305)","selectin E ","low",-4.29
33.83786869,6.387315968,"prostaglandin E receptor 2 (289)","prostaglandin E receptor 2 ","low",-4.3
34.44372139,6.387315968,"coagulation factor III (thromboplastin, tissue factor) (293)","coagulation factor III ","low",-4.39
35.33435078,6.387315968,"coagulation factor III (163)","coagulation factor III ","low",-4.53
35.38417102,6.387315968,"interleukin 1, alpha (281)","interleukin 1, alpha ","low",-4.54
35.50823924,6.387315968,"chemokine (C-X-C motif) ligand 8 (307)","chemokine (C-X-C motif) ligand 8 ","low",-4.56
35.55214409,6.387315968,"tumor necrosis factor (295)","tumor necrosis factor ","low",-4.57
36.14978318,6.387315968,"selectin E (145)","selectin E ","low",-4.66
36.47174857,6.387315968,"chemokine (C-X-C motif) ligand 8 (283)","chemokine (C-X-C motif) ligand 8 ","low",-4.71
